Headache_During_Game,Headache_After_Game,Blurred_During_Game,Blurred_After_Game,Dry_or_redeye_during_Game,Dry_or_redeye_After_Game,Double_Vision_After_Game,Double_Vision_After_Game,Light_sense_During_Game,Light_Sense_After_Game,Other_Eye_Affects,Very Good Posture,Good Posture,Fair Posture,Poor Posture,Very Poor Posture,Ok,Awful,Neck discomfort,shoulders discomfort,lower back discomfort,Hands discomfort,Wrists discomfort/pain,Fingers discomfort/blisters,Thumbs discomfort/blisters,Repetitive Strain Injury,Other causes of injuries,Motion controllers,Arcade genre,Puzzle genre,RPG genre,Sim genre,RTS genre,Driving genre,FPS genre,Platform genre,Rhythm genre,Sport genre,Other Genres,Key/Mouse controller,FF Pad,Jpad,Motion controller,Rhythm controller,Other Controllers,Gender,Years,Age,hours_per_week,Year interval
,,Y,,Y,,,,,,,,,,,,B,,Y,Y,,,,Y,,No,,No,,Y,,,Y,,,Y,,,,,,,,,,F,33,58,,2004 - 2005
,,,,,,Y,,,,,,,,,,P,C,,,,,,,,No,,No,,,Y,,,,Y,Y,,,MMO,,,,,,,M,12,18,,2004 - 2005
Y,,Y,,Y,,,,,,,,,,,,P,C,Y,,,,,,,No,,No,,,Y,Y,Y,,Y,Y,,Y,Crap games,,,,,,,M,10,18,,2004 - 2005
Y,,,,,,,,Y,,,,P,,C,,,,,,Y,,Y,Y,,No,,No,,,Y,,Y,,Y,,,Y,,,,,,,,M,10,18,,2004 - 2005
,,,,,,,,Y,,,,C,,P,,,,Y,Y,Y,,,,,No,,No,Y,,Y,,,Y,Y,,,,,,,,,,,M,15,19,,2004 - 2005
Y,,Y,,Y,,,,Y,,,,,,C,,P,,Y,Y,Y,,,,,No,,No,Y,,Y,,,Y,Y,Y,,Y,,,,,,,,M,14,18,,2004 - 2005
,,,,,,,,,,,,P,,,,,,,,,,Y,Y,,No,,No,,Y,,,Y,,Y,,,,,,,,,,,M,15,24,,2004 - 2005
Y,,,,Y,,,,Y,,,,C,,,,P,,,,,,Y,Y,,No,,No,Y,Y,Y,,Y,Y,Y,Y,Y,,Y,,,,,,,M,15,19,,2004 - 2005
Y,,,,,,,,,,,,C,,,,P,,,,,,,,,No,,No,,,Y,,Y,Y,Y,Y,,,,,,,,,,M,8,20,,2004 - 2005
Y,,,,,,,,,,,,,,B,,,,Y,Y,,,,,,No,,No,Y,Y,Y,Y,Y,,Y,,,,,,,,,,,M,15,23,,2004 - 2005
Y,,,,,,,,Y,,,,C,,P,,,,,,,Y,Y,Y,,No,,No,,,Y,,Y,,Y,,,,,,,,,,,M,12,19,,2004 - 2005
,,Y,,,,,,,,,,,,,,B,,Y,Y,,,,,,No,,No,Y,,Y,,,,Y,Y,,,Adventure,,,,,,,M,15,20,,2004 - 2005
Y,,,,,,,,,,,,B,,,,,,Y,,,,,,,Yes,,Dance,,,Y,Y,,Y,Y,Y,Y,Y,,,,,,,,M,12,18,,2004 - 2005
,,,,,,,,,,,,,,C,,P,,,,Y,,,,,No,,No,,,Y,,,Y,Y,Y,,,,,,,,,,M,16,19,,2004 - 2005
,,,,,,,,Y,,,,,,B,,,,Y,,Y,,,,,No,,No,,,Y,Y,Y,,Y,,,,,,,,,,,M,17,20,,2004 - 2005
Y,,,,,,,,,,,,,,C,,P,,,,,,,Y,,No,,No,,,,Y,,,Y,Y,,Y,,,,,,,,M,9,19,,2004 - 2005
Y,,,,Y,,,,,,,,,,,,,B,,,Y,,,,,No,,No,,Y,Y,,Y,Y,Y,Y,,,MMO,,,,,,,M,14,18,,2004 - 2005
,,,,Y,,,,,,,,,,C,,P,,,,,Y,,,,No,,No,,Y,,Y,,,Y,,,Y,,,,,,,,M,13,18,,2004 - 2005
Y,,,,Y,,,,,,,,,,,,B,,,,,,,,,No,,No,,,,Y,,Y,Y,,,Y,,,,,,,,M,11,19,,2004 - 2005
Y,,,,Y,,,,Y,,,,,,C,,,,Y,Y,Y,Y,,Y,,No,,FPS,,,Y,,Y,,Y,,,,,,,,,,,M,13,19,,2004 - 2005
Y,,Y,,,,,,,,,,P,,,,C,,,,,Y,,Y,,No,,No,,Y,Y,,Y,,Y,Y,,,Adventure,,,,,,,M,12,20,,2004 - 2005
Y,,,,,,,,,,,,P,,,,C,,,,,Y,,Y,,No,,No,,,Y,,,,Y,,,,Adventure,,,,,,,M,12,20,,2004 - 2005
,,,,,,,,,,,,P,,C,,,,,,,,,,,No,,No,,,,,,Y,Y,,,Y,,,,,,,,M,12,18,,2004 - 2005
,,,,,,,,,,,,,,B,,,,,,,,,,,No,,No,,,,,Y,Y,Y,,,,,,,,,,,M,11,19,,2004 - 2005
,,,,,,,,,,,,P,,C,,,,Y,,,,,,,No,,No,,,,,,Y,Y,,,Y,,,,,,,,M,7,18,,2004 - 2005
,,,,,,,,,,,,,,,,B,,,,,,,,,No,,No,Y,,Y,Y,Y,Y,Y,Y,,Y,,,,,,,,M,13,19,,2004 - 2005
Y,,Y,,,,,,,,,,C,,P,,,,Y,Y,Y,,,,,No,,No,Y,,,Y,Y,Y,Y,Y,,,,,,,,,,M,17,22,,2004 - 2005
,,,,,,,,,,,,,,P,,C,,Y,Y,Y,,,,,No,,No,,,Y,,,,Y,,,Y,,,,,,,,M,10,20,,2004 - 2005
Y,,,,Y,,,,,,,,,,C,,P,,Y,,,,,Y,,No,,FPS,,,Y,,Y,,Y,,,,,,,,,,,M,12,18,,2004 - 2005
Y,,,,Y,,,,Y,,,,,,C,,,P,Y,Y,Y,Y,Y,Y,,No,,FPS,Y,,Y,,Y,,Y,Y,,,,,,,,,,M,14,25,,2004 - 2005
,,,,,,,,,,,,,,C,,P,,Y,,,,,Y,,No,,No,,,Y,,,Y,Y,Y,Y,,,,,,,,,M,12,18,,2004 - 2005
,,,,,,,,Y,,,,,,,,B,,,,,,,Y,,Yes,,No,Y,,Y,,Y,,Y,Y,,,,,,,,,,M,13,19,,2004 - 2005
Y,,,,,,,,,,,,,,C,,P,,,,,Y,,Y,,No,,No,,,,,,Y,Y,,,,,,,,,,,M,12,19,,2004 - 2005
Y,,,,Y,,,,Y,,,,C,,P,,,,Y,,Y,,Y,,,No,,No,Y,,Y,,,Y,Y,Y,,,,,,,,,,M,11,19,,2004 - 2005
Y,,,,,,,,,,,,C,,,,P,,,Y,,,,,,No,,No,,Y,Y,Y,Y,Y,Y,Y,,Y,,,,,,,,M,10,18,,2004 - 2005
Y,,,,,,,,,,,,B,,,,,,,,,,,,,No,,No,Y,Y,Y,Y,Y,Y,Y,,Y,Y,Y,,,,,,,M,16,18,,2004 - 2005
Y,,,,,,,,Y,,,,,,P,,C,,Y,Y,Y,Y,Y,Y,,No,,No,Y,,,,,,Y,,,,,,,,,,,M,10,19,,2004 - 2005
Y,,,,Y,,,,,,,,,,B,,,,Y,,,,Y,,,No,,No,,,,Y,,Y,Y,,,Y,,,,,,,,M,16,20,,2004 - 2005
,,,,,,,,,,,,,,,,B,,Y,,,,Y,,,No,,No,,,Y,Y,Y,Y,Y,,,,,,,,,,,M,17,19,,2004 - 2005
Y,,Y,,,,,,Y,,,,B,,,,,,,,,,D,,D,No,,No,,,Y,,Y,,Y,,,,,Y,Y,,,,,M,14,18,21,2008 - 2009
Y,,,,Y,Y,,,,,,P,C,,,,,,,,,,D Ache,,D Discomfort,No,,No,,,Y,,,,Y,Y,,,,Y,,Y,,Y,,M,12,19,40,2008 - 2009
,,,,,Y,,,,,,P,C,,,,,,,,,,B,,,No,,No,,,,,,,Y,,,Y,,Y,Y,,,,,M,9,19,20,2008 - 2009
,,Y,,,,,,,,,,B,,,,,,,B Discomfort,,,,,D Blisters,No,,No,,,Y,,,,Y,,,,Fighting,Y,Y,Y,,,,M,15,20,22,2008 - 2009
,Y,,,,,,,,,,,P,C,,,,,,,,,,A Blisters,,No,,No,,,Y,,,Y,,,,Y,,,Y,,Y,,,M,15,20,10,2008 - 2009
Y,,,,Y,,,,Y,Y,,,,C,P,,,,,,,,,D PaIn,B Pain,Yes,Yes,Most,Y,Y,,,,,Y,Y,,,,Y,Y,,,,,M,13,19,12,2008 - 2009
Y,,,,,,,,Y,,,,,P,,,,,,D Discomfort,D Discomfort,,,,,No,,No,,,Y,,,,Y,,,,,Y,,,,,,M,14,18,75,2008 - 2009
,,,,,Y,,,,,,,C,P,,,,,A Ache,,,,,,A Ache,No,,No,,,Y,,,,,,,,,Y,,Y,Y,,,F,6,22,5,2008 - 2009
Y,Y,,,Y,,,,,,,,,P,,,,,,D Discomfort,,,,D Discomfort,,No,,No,,,Y,,Y,,Y,,,,,Y,,,,,,M,14,19,10,2008 - 2009
Y,Y,Y,,Y,,,,Y,Y,,,P,,C,,,,,,,,A Ache,B Sore,B Sore,No,,No,,,Y,,,,Y,,,Y,,,Y,,,,,M,13,18,18,2008 - 2009
,Y,,,,Y,,,,,,,,P,C,,,,B Stiff,B Stiff,,,,,,No,,No,,,Y,,,,Y,Y,,,,,Y,,Y,,,M,15,19,45,2008 - 2009
,,,,,,,,,,,,,B,,,,,,,,,,,,No,,No,,,Y,,Y,,Y,,,,,Y,,,,,,M,14,10,55,2008 - 2009
,,,,Y,Y,,,,,,,P,,C,,,,,A Ache,,,,,,No,,No,,,,Y,Y,,Y,,,,,Y,,,,,,F,15,19,20,2008 - 2009
Y,Y,Y,Y,,,,,Y,Y,,,,P,C,,,,,,B,B,B,B,B,No,,No,,,Y,,Y,,Y,,,,,Y,,Y,,,,M,13,19,20,2008 - 2009
Y,Y,Y,Y,Y,Y,,,,Y,,C,,P,,,,,A,D,D,,,,,No,,FPS,,,Y,,,,Y,,,,,Y,Y,,,Y,,F,14,19,22,2008 - 2009
Y,,,Y,,Y,,,,Y,,,P,C,,,,,,,,B Pain,A Numb,,B Pain,No,,No,,,Y,,,Y,Y,,,,,Y,Y,,,,,M,12,18,14,2008 - 2009
,,,,,,,,,,,C,P,,,,,,,,,,,,,No,,FPS,,,Y,,,,Y,,,,,Y,Y,,,,,M,10,19,35,2008 - 2009
,,,Y,,,,,,,,,,C,P,,,,A Discomfort,,,,,,D Blisters,No,,No,,,Y,,,,,Y,,,Fighting,,Y,,,,,M,14,19,20,2008 - 2009
Y,Y,Y,Y,,Y,,,,Y,,,,C,P,,,,A Ache,B Numb,B Numb,,,D Blisters,D Blisters,No,,FPS,,,Y,,,,Y,,,,,Y,Y,,,,,M,17,21,17,2008 - 2009
Y,,,,,,Y,,Y,Y,,,P,C,,,,,D Discomfort,D Pain,,,A Discomfort,,,No,,No,Y,,Y,,,,Y,,,,,Y,Y,,,,,M,10,18,25,2008 - 2009
Y,Y,,,,,,,,,,,,B,,,,,,,,,D,B,,No,,No,,,Y,,,,Y,,,,,Y,Y,,,Y,,M,12,18,30,2008 - 2009
Y,Y,Y,Y,Y,Y,Y,Y,Y,Y,,,,C,,P,,,D Ache,D Ache,D Ache,,D Ache,,,No,,No,,,,,,,Y,,,,,Y,,,,,,M,12,19,12,2008 - 2009
,,,,,Y,,,,,,,C,P,,,,,,A,,,,,B,No,,No,,,Y,,,,Y,Y,,,,Y,Y,,,,,M,14,19,10,2008 - 2009
,,,,Y,Y,Y,Y,,,,,,B,,,,,B Stiff,B,B,,D,D,D,No,,No,,,Y,,Y,,Y,,,,,Y,,Y,,,,M,19,24,20,2008 - 2009
,,,Y,,Y,,,,Y,,,,B,,,,,A,A,B,,B,,,No,,No,,Y,Y,Y,Y,,Y,Y,,,,Y,Y,Y,,,,M,12,20,22,2008 - 2009
Y,Y,,,,,,,,,,,,P,C,,,,,,,,,,,No,,No,,,Y,,,,Y,,,,,,Y,,,,,M,10,18,30,2008 - 2009
,Y,,,,Y,,,,,,,,B,,,,,,,A Stiff,,,,,No,,No,,,,,,,,,,,Fighting,Y,Y,,,,,M,10,18,25,2008 - 2009
,Y,,,,,,,,,,,,B,,,,,,,,A Ache / Blisters,,,A Ache / Blisters,No,,No,,,,,Y,,Y,,,,,Y,Y,,,,,M,10,20,18,2008 - 2009
,,Y,,,,,,,,,,P,,C,,,,,,,,,D Sore,D Sore,No,,No,Y,,Y,,,Y,,,,,,Y,Y,,,,,M,16,21,10,2008 - 2009
,,,Y,,,,,,,,,P,,C,,,,A Pain,,,,,,,No,,FPS,,,Y,Y,,,,Y,,,,Y,Y,,,,,M,11,20,10,2008 - 2009
,,,Y,,Y,,,,,,,,C,P,,,,,,,,B Numb,B Numb,,No,,No,,,Y,Y,Y,,,,,,,Y,Y,,Y,,,M,12,18,20,2008 - 2009
,,,,,Y,,,,,,,,B,,,,,A,A,,A,A,,,No,,FPS,,Y,,,Y,,,,,,,,Y,Y,,,,M,14,18,15,2008 - 2009
,,,,Y,Y,,,,Y,,,,P,C,,,,B Stiff,B,,,,,,No,,No,,,,,,,Y,,,,,,Y,,,,,M,7,23,28,2008 - 2009
Y,,,,,Y,,,,,,,,B,,,,,,,,,,,,No,,No,,,,,Y,Y,Y,,,Y,,Y,Y,,Y,,,M,13,19,10,2008 - 2009
,,,,Y,,,Y,,,,P,,C,,,,,,,D Discomfort,,,,,No,,No,,,Y,,Y,,Y,,,,,Y,Y,,,,,M,15,19,14,2008 - 2009
,Y,,,,,,,,,,,,P,C,,,,D,D,,,D,,D,No,,No,,,Y,,,,Y,Y,,,,Y,Y,,Y,,,M,14,18,45,2008 - 2009
Y,Y,Y,Y,Y,Y,Y,Y,Y,Y,Watering Eyes,,,P,,C,,,B Pain,D Discomfort,B Pain,A Blisters,B Pain,B Pain,B Pain,No,,No,,,Y,,,,Y,Y,,,,Y,Y,,,,,M,15,19,65,2008 - 2009
Y,,,,Y,Y,,,Y,,,,P,C,,,,,D Pain,D Pain,,,,D Stiff,D Pain,No,,No,,,,,,,Y,,,Y,,Y,Y,,,,,M,17,21,12,2008 - 2009
,Y,,Y,,,,,,,,,C,P,,,,,,,,,,A Blisters,,No,,No,Y,,Y,,,,,,,,Fighting,Y,,Y,,,,M,14,19,22,2008 - 2009
,Y,,,,,,,,Y,,,,B,,,,,,,,A Pain,,,A Sore,No,,No,,,Y,,,,Y,,,,Fighting,Y,Y,,,,,F,14,20,27,2008 - 2009
,,,,,,,,,,,P,C,,,,,,,,,,,,,No,,No,,,Y,Y,,,Y,,,,,Y,Y,,,,,M,17,20,26,2008 - 2009
Y,Y,,,,,,,,Y,,,,,P,C,,,B Stiff,,,,,A Sore,,No,,No,,,,Y,,Y,,Y,,,,Y,,,Y,,,F,16,20,10,2008 - 2009
Y,Y,,,,Y,,,Y,,,,,,P,C,,,B Pain,,,,B Pain,,,No,,No,,,,,,Y,Y,,Y,,,Y,Y,,,Y,,M,16,22,20,2008 - 2009
,Y,,,Y,,,,,,,,B,,,,,,,,A Ache,,D Ache,,,No,,No,,,Y,,,,Y,,,Y,,Y,,Y,,Y,,M,15,21,33,2008 - 2009
Y,,,,Y,,,,,,,,,,,B,,,,,,,,,,No,,No,,,Y,,,Y,Y,,,,,Y,Y,,,,,M,11,21,45,2008 - 2009
,Y,,,,,,,,Y,,,P,C,,,,,A Sore,,,,,,,No,,No,,,Y,,Y,,Y,,,,,Y,Y,,,Y,,M,11,19,18,2008 - 2009
Y,Y,,,,,,,,,,,,C,P,,,,,,,,,,,No,,No,,,Y,,Y,,Y,,,,,Y,Y,,,,,M,12,19,37,2008 - 2009
,,,,,,,,,,,,P,C,,,,,,,,,,,,No,,No,,,Y,,,,Y,Y,,,,Y,Y,,,Y,,M,15,20,7,2008 - 2009
Y,Y,,Y,Y,Y,,,Y,Y,,,P,,C,,,,B Ache,B Ache,B Ache,,,B Ache / Blisters,B Ache / Blisters,No,,No,,,Y,Y,Y,,Y,,,,,Y,Y,,,,,M,17,20,70,2008 - 2009
Y,,Y,Y,,Y,,,,,,,,,B,,,,,,B Pain,,,D Blisters,D Blisters,No,,No,,,Y,,Y,,Y,,,,,Y,Y,,,,,M,15,19,65,2008 - 2009
,,,,,,,,,,,,C,,,P,,,,,,,,,D Ache,No,,No,,,Y,,,,Y,,,,,,Y,,,,,M,16,19,14,2008 - 2009
,,,,,,,,,,,,,B,,,,,,,,,,,D Ache,No,,No,,,Y,,,,,,,,Hack n Slash,,Y,,,,,F,11,25,62,2008 - 2009
Y,,,,,Y,,,,,,,,,,,,,,,D Ache,,D Ache,,D Cramps,No,,No,,,Y,,Y,,,Y,,,,Y,Y,,Y,,,F,11,18,5,2008 - 2009
,,,,,,,,,,,,,B,,,,,,,,,,,,No,,No,,,,,Y,Y,,Y,,,,Y,,Y,,,,M,15,18,80,2007 - 2008
,,,,,,,,,,,P,C,,,,,,,,,,,,,No,,No,,,Y,,,,,,,,Adventure,Y,Y,,Y,,,M,16,20,8,2007 - 2008
,,,Y,,Y,,,,,,,,C,P,,,,,,,,,,,No,,No,,,,,Y,,Y,,,,,Y,,,,,,M,8,19,25,2007 - 2008
,Y,,Y,,,,,,,,,,C,P,,,,,,,,,,,No,,No,,Y,Y,,,,Y,,,,,,Y,,,,,M,12,18,15,2007 - 2008
,,,,Y,,,,,,,,B,,,,,,,,,,,,,No,,No,,,Y,,,,,Y,,,Adventure,,Y,,,,,M,15,19,18,2007 - 2008
,,,,,,,,,,,B,,,,,,,,,,,,,,No,,No,,,,,Y,,Y,Y,,,,Y,Y,Y,Y,Y,,M,14,20,22,2007 - 2008
,,Y,,,,,,,,,P,,,,,,,,,,,,,,No,,No,,,Y,,Y,,Y,,,,,Y,,,,,,M,14,18,20,2007 - 2008
,,,,,,,,,,,,,,b,,,,B Disconform A Pain,,,,,,,No,,No,,,,,,,Y,,,Y,,,Y,,,,,M,10,18,4,2007 - 2008
,,,,,,,,,,,,,P,C,,,,,,D Pain,,,,,No,,No,,,Y,,,,Y,,,,,Y,,Y,,Y,,M,16,18,9,2007 - 2008
,Y,,,,,,,,,,,P,,C,,,,,,A Pain,,,,D Sore,No,,No,,,Y,,,,Y,Y,,,,Y,,,,,,M,15,19,20,2007 - 2008
Y,,,Y,,Y,Y,,,Y,,,P,,C,,,,A Ache,,D Ache,,,,,No,,No,,,Y,,,,Y,Y,,,,Y,,,,,,M,14,19,5,2007 - 2008
,,,Y,Y,Y,,,,Y,,,,,,B,,,,,,,,,,No,,No,,,,,,Y,Y,,,,,,Y,,,,,M,7,19,15,2007 - 2008
,Y,,,,Y,,,,,,,,B,,,,,A Ache,A,A Pain,,,,,No,,No,,,,,Y,,Y,,Y,,,Y,Y,,,Y,,M,8,18,4,2007 - 2008
,,,Y,Y,Y,,,,Y,,,C,P,,,,,D,,D,,A,,A,No,,No,,,,,,,Y,,,,,Y,,,Y,,,M,12,19,20,2007 - 2008
Y,,,,,,,,,,,,P,C,,,,,,,D Pain,,,,,No,,No,,,,,,,Y,,,,Adventure,Y,,Y,Y,,,F,19,22,45,2007 - 2008
,Y,,Y,,Y,,,,,,,,,P,C,,,,,A Discomfort,,,,,No,,No,,,,,,,Y,,Y,,,Y,Y,,,Y,,F,11,18,3,2007 - 2008
,Y,,,,,,,,,,,,,,B,,,,,D Ache,D Blisters,,,,No,,No,,,Y,,,,,Y,,,,,Y,,,,,F,14,18,30,2007 - 2008
Y,,,,Y,,,,,,,,,,P,,,,D Ache,,D Ache,,,,,No,,No,Y,Y,Y,,,,,Y,Y,,,Y,,,,Y,,F,12,18,10,2007 - 2008
,,Y,Y,Y,Y,,,,,,,,P,C,,,,,D Discomfort,,,,,,No,,No,,,Y,,Y,,Y,,,,,Y,,,,,,M,13,19,55,2007 - 2008
,,,,Y,Y,,,,,,,,C,P,,,,,,,,B Ache,,,No,,No,,,Y,,Y,,Y,,,,,Y,,,,,,M,8,18,20,2007 - 2008
Y,,,Y,Y,Y,,,,Y,,,,,B,,,,,D Ache,,,,,,No,,No,,Y,Y,,,,,Y,,,,Y,Y,,,,,M,21,23,4,2007 - 2008
,,,,,,,,,,,,B,,,,,,,,,,,,D Discomfort,No,,No,,,Y,,,,,,,,Action,Y,Y,,,,,F,8,20,8,2007 - 2008
,Y,,,Y,Y,,,,Y,,C,P,,,,,,,,,,B Ache,,,No,,No,,,,,Y,,Y,,,,,Y,Y,,Y,Y,,M,15,18,20,2007 - 2008
Y,Y,,Y,,Y,,,,Y,,,P,C,,,,,,,,,,,,No,,No,,,Y,,,,,,,,,Y,,Y,,,,F,11,18,1,2007 - 2008
Y,Y,,,,Y,,,,Y,,,,C,P,,,,,,,,,,A Blisters,No,,No,,,Y,,Y,,,,,,,Y,Y,,,,,M,9,19,9,2007 - 2008
,,,,,,,,,Y,,,,P,,C,,,D Discomfort,D Discomfort,,,,,D Blisters,No,,No,,,Y,,Y,,Y,,,,,Y,,,,,,M,14,19,22,2007 - 2008
Y,,,,Y,,,,Y,,,,,B,,,,,,,,,,D Blisters,,No,,No,,,Y,,Y,,Y,,,,,Y,,,Y,,,M,13,19,5,2007 - 2008
,Y,,,,,,,,,,,P,,C,,,,,,,D Pins & Needles,,,,No,,No,,,,,,,,,,Y,,,Y,,,,,M,15,23,25,2007 - 2008
,Y,,,,,,,,,,,,,C,,,,,,,,,,,No,,No,,,Y,,Y,,Y,,,,,Y,,,,,,M,13,19,44,2007 - 2008
,Y,,,,,,,,,,,,,B,,,,,,,,,B Pain,B Numbness,No,,FPS,,,Y,,Y,,,,,,,Y,,,,,,M,21,28,10,2007 - 2008
Y,Y,,,,,,,Y,Y,,,,,,B,,,,D,,,A,,,No,,No,,,Y,,,,,,,,,,Y,Y,Y,,,M,12,19,30,2007 - 2008
,Y,Y,,,Y,,,,,,,,B,,,,,B Discomfort,B Discomfort,,B Pain,B Pain,,B Pain,No,,No,,,,Y,,,,,,Y,,,,Y,Y,,,M,20,29,6,2007 - 2008
Y,Y,,Y,,,Y,Y,,,,,,C,,P,,,B Pain,,B Pain,B Discomfort,,B Numb,,Yes,Games,FPS,,,,,Y,,Y,,,,,Y,,,,,,M,12,20,35,2007 - 2008
,,,,,,,,,,,,C,P,,,,,,,,D Pain,D Pain,D Pain,D Pain,No,,No,,,,,,Y,,Y,Y,,,Y,Y,,Y,,,M,15,20,6,2007 - 2008
,Y,,,,,,,Y,Y,,,,C,P,,,,B Ache,B Ache,B Ache,,B Discomfort,,,No,,No,Y,,Y,,,,,,,,Fighting,,Y,,,,Handheld,M,12,19,14,2007 - 2008
,,,Y,,Y,,,,Y,,,,,B,,,,A Pain,A Pain,A Pain,,,,,No,,No,,,Y,,,,Y,,,,,Y,Y,,,,,M,10,19,10,2007 - 2008
,Y,,,,Y,,,Y,Y,Tireness,,C,,,,,,,,A,,D,D,B,No,,No,,,Y,,,Y,,,,,Fighting,,Y,,Y,,,F,14,18,14,2007 - 2008
Y,,,,Y,,,,,Y,,,P,C,,,,,A Ache,,A Ache,A Ache,A Pain,,,No,,No,,,,,Y,,Y,,,,,Y,Y,,,,,M,9,21,15,2007 - 2008
,Y,,,,,,,,Y,,,,P,C,,,,B Discomfort,,B Discomfort,,,,B Discomfort,No,,No,,,Y,,,,Y,Y,,,,Y,Y,,,,,M,16,20,15,2007 - 2008
,,,,Y,Y,,,,,,,B,,,,,,B Tired,,B Tired,,,,,No,,No,,,Y,,,,,,,,,Y,,,,,,M,15,22,4,2007 - 2008
Y,Y,Y,,Y,Y,,,,,Tunnel Vision,,,,C,P,,,,,B Ache,D Pain,D Ache,D Blisters,D Blisters,No,,No,,,Y,,,,,,Y,Y,,Y,Y,,,Y,,M,13,20,6,2007 - 2008
Y,Y,Y,Y,,Y,Y,Y,,Y,,,,B,,,,,B Ache,B Ache,B Ache,B Ache,B Ache,B Ache,B Ache,Yes,No,FPS,,,Y,,,,,Y,,,,Y,Y,,,,,F,11,18,16,2007 - 2008
Y,Y,Y,,Y,Y,Y,,,Y,,,P,,C,,,,B Ache,A Ache,A Ache,B Cramp,,A Blisters,A Blisters,No,,No,Y,Y,Y,,,,,,,,,Y,Y,,,,,F,15,18,20,2007 - 2008
Y,Y,,,,,Y,Y,,,,,C,P,,,,,A Stiff,,,,,,A Ache,No,,Plat/Dance,,,Y,,,,Y,,,Y,,Y,Y,Y,,,,M,14,19,27,2007 - 2008
Y,,Y,,Y,,,,,,,,C,P,,,,,,D Ache,,,,D Ache,A Blisters,No,,FPS,,,Y,,Y,,,,,,,Y,Y,,,,,M,19,24,22,2007 - 2008
,Y,,,,Y,,,,,,,P,,,,,,A Discomfort,D Discomfort,,D Numbness,D Discomfort,,,No,,No,,,Y,,Y,,Y,,,,,Y,,,,,,M,14,18,22,2007 - 2008
Y,,,Y,Y,,,,,,,,P,,C,,,,B Pain,B Pain,B Pain,,,B Numb,B Numb,No,,No,,,,,Y,,Y,Y,,,,,Y,,,,,M,12,18,22,2007 - 2008
,Y,Y,Y,,Y,,Y,Y,Y,,,P,,C,,,,B Stiffness,B Stiffness,,B Numb,,B Numb,B Numb,No,,Bright+Fast,,,Y,,,,Y,Y,,,,Y,Y,,Y,Y,,M,10,18,29,2007 - 2008
Y,Y,,Y,,,,,Y,Y,,,,C,P,,,,B Ache,,B Ache,,,B Ache,B Ache,No,,No,,,Y,,,,,Y,,,,,Y,,Y,,,M,9,18,33,2007 - 2008
,,,,Y,,,,Y,,,,,C,P,,,,B,,,,,,,No,,No,,,,,,,Y,Y,,,,Y,,,,,,F,11,18,8,2009 - 2010
,,,Y,,,,,Y,,,B,,,,,,,,,,D Blisters,,A Ache,,No,,No,,,,,,,Y,,,,,Y,Y,,Y,,,M,17,20,33,2009 - 2010
Y,Y,Y,,Y,,,,,,,,,C,,P,,,,,,,,,,No,,No,,,,,,,Y,,,Y,,Y,,,,,,M,15,20,10,2009 - 2010
Y,Y,,,Y,,,,,,,,C,,,,,,,,,,,,,No,,No,Y,,Y,,,,Y,,,,,,Y,,,,,M,16,19,22,2009 - 2010
,,,,Y,,,,Y,,,,,B,,,,,,,,,,D,,No,,No,,,,,,,Y,Y,,,Action,Y,Y,,,,,M,13,19,15,2009 - 2010
,Y,Y,Y,,,,,,,,,,,,B,,,B,,,,,B,,No,,No,,,,,,,Y,,,,,Y,Y,,,,,M,15,18,65,2009 - 2010
,Y,,,,,,,,,,,,B,,,,,,,,,,A Blisters,,No,,No,,,,,,,Y,,,,,,,Y,,,,M,17,20,45,2009 - 2010
,,,Y,Y,,,,,,,,,P,C,,,,B Tension,,D PaIn,,B Pain,,B Blister,No,,No,Y,,Y,,,,Y,,,,,,Y,,,,,M,15,19,12,2009 - 2010
,Y,,,,,,,,,,,,B,,,,,,,,B Cramp,B Cramp,B Cramp,B Cramp,No,,No,,,Y,,,Y,,,,Y,,Y,Y,,,,,M,11,20,21,2009 - 2010
,,,,,,,,,Y,,,B,,,,,,,,,,,,,No,,No,,,Y,,Y,,Y,Y,,,,Y,,Y,,,,F,10,18,60,2009 - 2010
Y,Y,,,,,,,,Y,,,,,P,C,,,,,D Sore,A Pain,,,A Pain,No,,No,,,,,,,Y,Y,,,MMO,Y,Y,,,Y,,M,15,19,33,2009 - 2010
,Y,Y,,,,,,,,,,C,P,,,,,A Sore,B Pain,A Pain,,,,,No,,FPS,,,Y,,Y,,Y,,,,,Y,Y,,,,,M,17,21,20,2009 - 2010
,,,Y,,,,,,,,,C,P,,,,,D Sore,D Sore,,,,,,No,,No,,,Y,,,,Y,,,,,Y,Y,,,,,M,13,18,20,2009 - 2010
,Y,,Y,,Y,,,,Y,,,,,C,P,,,B Cramp,B Cramp,B Cramp,,,,,No,,No,,,Y,,,,Y,,,,,Y,,,,,,M,17,20,45,2009 - 2010
,,,,Y,Y,,,,,,,C,P,,,,,,,,,,,D Sore,No,,No,,,,,,Y,,,,Y,Action,,Y,,,,,M,7,19,12,2009 - 2010
Y,Y,,Y,,,,,,,,,,,B,,,,,,,,,,,No,,No,,,Y,,Y,,Y,,,,,Y,Y,,,,,M,12,19,20,2009 - 2010
,Y,,,Y,Y,,,,,,,P,C,,,,,D Discomfort,,D Discomfort,,,,,No,,FPS/Platform,,,Y,,,,,,,,Action,Y,,Y,,,,M,15,19,16,2009 - 2010
Y,,,,,,,,,,,,,P,,,,,,,,,,,,No,,No,,,,,,,Y,,,,,Y,,,,,,M,18,20,90,2009 - 2010
,,,,Y,,,,,,,,C,P,,,,,,D Discomfort,,,A Discomfort,,,No,,No,,Y,Y,Y,,,,,,,,Y,,,Y,,,M,15,24,8,2009 - 2010
Y,Y,,,,Y,,,,,,,,,C,P,,,A Ache,,B Ache,D Ache,,,D Ache,No,,No,,Y,Y,,,,Y,,,,,Y,,,,,,F,10,19,5,2009 - 2010
Y,,,,Y,Y,,,,,,,,C,P,,,,B Stiff,B Pain,,,,,B Pain,No,,No,,Y,Y,,,,,,,,,Y,,Y,Y,,,F,5,19,20,2009 - 2010
,Y,,Y,,Y,,,,Y,,,,P,C,,,,A Pain,A Pain,A Pain,,,,,No,,No,,,Y,,Y,,Y,,,,,Y,Y,,,,,M,10,18,22,2009 - 2010
Y,,Y,,,,,,,Y,,,,,,,,,,A Ache,,,D Ache,,,No,,No,,,Y,,,,Y,,,,,,Y,,,,,M,13,19,12,2009 - 2010
,Y,,,,Y,,,,Y,,,C,,P,,,,D Ache,,,,D Ache,,,No,,No,,,Y,,,,Y,Y,,,,Y,Y,,,,,M,12,19,33,2009 - 2010
,Y,,,Y,Y,,,,,,,,C,P,,,,B Ache,B Ache,,B Ache,,,,No,,FPS/Platform,,,Y,,,,Y,Y,,,,Y,Y,,Y,,,F,10,18,33,2009 - 2010
,Y,,,,,,,,,,,,B,,,,,,,A Stiff,,,,A Click,No,,No,,,,,Y,,Y,,,,,Y,Y,,,,,M,12,19,15,2009 - 2010
,,,,,,,,,,,C,,,,,,,,,,,,,,No,,No,,,Y,,Y,,Y,Y,,,,,Y,,,,,M,15,19,20,2009 - 2010
,Y,,,,Y,,,,Y,,,,B,,,,,A,,,A,A,A,,No,,No,,,Y,,,,Y,Y,,,,Y,Y,Y,Y,,,M,15,21,14,2009 - 2010
,,,,,,,,,,Lurid Vision,,,,C,,,,B Strain,,,,,,Needed Neckbrace,No,,FPS/Driving,,,,,,,,Y,,,Action,,Y,,,,,M,19,21,33,2009 - 2010
Y,Y,Y,Y,,,Y,Y,,,,,,B,,,,,B Stiff,B Stiff,,,,,,No,,FPS,,,Y,,,,Y,,,,,Y,Y,,,,,M,19,22,16,2009 - 2010
Y,,,Y,,,,,,,,,,B,,,,,,,,,,,,No,,No,,,Y,,,,Y,,,,,,Y,,,,,M,11,19,15,2009 - 2010
,,,,,,,,,,,,,B,,,,,,,,,,,,No,,No,,,Y,,,,,,,,,,,Y,Y,,,M,15,21,20,2009 - 2010
Y,Y,,,Y,Y,,,Y,Y,,,,P,,C,,,B Ache,,B Ache,,B Stiffness,B Stiffness,,No,,No,,,Y,,Y,,Y,,,,,Y,,,,,,F,15,19,85,2010 - 2011
,,,,Y,,,,,,,,,,C,P,,,,,,,,,D,No,,No,,,Y,Y,,,Y,,,,,Y,Y,,,,,M,18,21,16,2010 - 2011
,Y,,,,,,,,,,P,C,,,,,,,,,,,,,No,,Killzone2,,,,,,,Y,,,,,Y,Y,Y,,,,M,12,18,4,2010 - 2011
,,,,,,,,,,,,B,,,,,,A Pain,A Pain,,,,,,No,,No,,,,,,,Y,,,,,,Y,,,,,M,12,19,9,2010 - 2011
Y,Y,,,Y,,,,,,,,,B,,,,,,,,,,,,No,,No,,,,,,,Y,,,,,,Y,,,,,M,12,19,2,2010 - 2011
Y,Y,,,Y,,,,,,,,,P,,C,,,,,,,D,,,Yes,Concentrating up close,FPS/Plat/Driving,,,,,Y,,Y,,,,,Y,,,,,,M,14,19,12,2010 - 2011
Y,Y,,,,,,,,,,,B,,,,,,,,,,,,,No,,No,,,Y,,,,Y,,,,,Y,Y,Y,,,,M,13,19,55,2010 - 2011
Y,Y,Y,Y,Y,Y,,,,,,,P,,C,,,,D Stiff,,,D Cramp,D Sore,,,No,,No,,,Y,,,,Y,,,,,Y,Y,,,,,M,18,24,40,2010 - 2011
Y,,,,,,,,,,,,,P,C,,,,D Discomfort,,,,,,,No,,FPS,,,Y,Y,,,,,Y,,,Y,Y,,Y,Y,,F,12,18,40,2010 - 2011
,,,,Y,Y,,,,,,,B,,,,,,,A Ache,,,A Ache,,A Sore,No,,No,,,Y,,,,Y,,,,,Y,Y,,,,,M,12,19,21,2010 - 2011
Y,,,Y,,Y,,Y,,Y,,,,,P,,,,B Ache,,,,,,,No,,No,,,Y,,Y,,Y,,,,,Y,,,,,,M,11,18,85,2010 - 2011
,,,,,,,,,,,,B,,,,,,A Pain,,,,,,,No,,FPS,,,Y,,,,Y,,,,,Y,Y,,,,,M,10,18,33,2010 - 2011
Y,Y,,,Y,Y,,,,Y,,,C,,,P,,,,,,A Blister,,,B Sore,No,,No,,,Y,,,,,Y,,,Adventure,,Y,,Y,,Handheld,M,16,18,10,2010 - 2011
Y,,,,,,,,,,,,P,C,,,,,,D,D Ache,,,,,No,,No,,,,,,Y,Y,,,,,,Y,,,,,M,12,19,8,2010 - 2011
,,,,,,,,,Y,,,P,C,,,,,,,D Pain,,,,,No,,No,,,Y,,,,Y,,,,,,Y,,,,,M,12,18,12,2010 - 2011
Y,Y,Y,Y,,,,,,,Migranes/Glasses,,C,P,,,,,,A Pain,,,,,,No,,No,,,Y,,Y,Y,,,,,,,,Y,,,,M,11,22,18,2010 - 2011
,Y,,,,,,,,,,P,C,,,,,,D Ache,D Ache,,,D Discomfort,,,No,,No,,,,,Y,,Y,,,,,Y,,Y,,,,M,17,21,15,2010 - 2011
Y,,,,Y,,,,,,,,,P,C,,,,D,,A,,,,,No,,No,,,Y,,Y,,Y,,,,,Y,Y,,,,,M,10,18,40,2010 - 2011
,Y,Y,,,Y,,,,Y,,,B,,,,,,,,,,,,,No,,No,,,Y,,Y,,Y,,,,,Y,,,Y,,,M,12,18,4,2010 - 2011
,,,,,,,,,,,,,C,,,,,,,,,,,D Cramp,No,,No,,,Y,,,,,Y,,,3P Adventure,,,,,,PS3,M,13,19,4,2010 - 2011
,,,,Y,Y,,,Y,Y,,,,B,,,,,B Pain,,B Pain,,,D Discomfort,,No,,No,Y,,,,,Y,Y,,,,,Y,Y,,,,,M,15,19,3,2010 - 2011
,,,,,,,,,,,,,P,C,,,,A Pain,A Pain,A Pain,,,,,No,,No,,,Y,Y,,,,Y,,,,Y,Y,,,,,F,13,18,20,2010 - 2011
,,,,,,,,,,,,,,B,,,,,,,,D Ache,,D Ache,No,,No,,,Y,,Y,,,,,Y,,Y,Y,,,,,M,15,19,15,2010 - 2011
,,,,,,,,,Y,,,P,C,,,,,,,,,,,,No,,No,,,Y,,Y,,Y,,,,,Y,Y,,,,,M,11,19,8,2010 - 2011
,,,,,,,,,,,,P,C,,,,,D Ache,,,,,,,No,,No,,,Y,,,,,,,,,,Y,,,,,M,11,18,7,2010 - 2011
,,,Y,,,,,,Y,,P,,C,,,,,,,,,,,,No,,No,,,Y,,Y,,Y,,,,,Y,Y,,Y,,,M,12,20,10,2010 - 2011
,,,,,Y,,,,Y,,,,C,,P,,,,,,,,D Stiff,,No,,No,,,Y,,,,,,,,,,Y,,,,,M,13,19,25,2010 - 2011
Y,Y,Y,,,,Y,Y,Y,Y,,,C,P,,,,,,,,A Cramp,A Numb,D Strain,,No,,No,,Y,,,Y,,Y,,,,,Y,Y,,Y,,,M,16,19,55,2010 - 2011
,,,,,Y,,,,,,,,P,,,,,D Stiff,,,,,D Sore,,No,,No,,Y,,,,,,Y,,,,,Y,,,,,M,15,22,9,2010 - 2011
,Y,,,,Y,,,,,,,P,C,,,,,A Stiff,,,,,,,No,,No,,,,,,Y,Y,,,,,,,Y,,,,M,10,18,14,2010 - 2011
,,,,,,,,,,,,,P,C,,,,,,,,,,,No,,No,,,Y,,,,,,,,,Y,,,,,,M,12,19,10,2010 - 2011
,Y,,,,,,,,,,,B,,,,,,,,,,,A Numb,,No,,No,,,Y,,,,Y,,,,,Y,,,,,,M,15,20,8,2010 - 2011
,,,,,,,,,,,,,P,C,,,,,,,,,,,No,,No,,,Y,,,,Y,Y,,,,Y,Y,Y,,,,M,15,19,25,2010 - 2011
Y,,,,,,,,,,,,,,B,,,,,,A Pain,,,,,No,,No,,,,,,,,,,,MMORPG,Y,,,,,,M,18,20,44,2010 - 2011
Y,,,,,Y,,,,,,,,P,C,,,,,A,,,,,,No,,No,,,,,,,Y,,,,,Y,Y,,,,,M,15,20,55,2010 - 2011
Y,,,,,,,,,,,,,C,,P,,,D Sore,,D Sore,,,,,No,,No,,,Y,,Y,,Y,,,,,Y,Y,,,,,M,13,25,49,2010 - 2011
,Y,,Y,Y,,Y,,,Y,,,B,,,,,,D Stiff,D Stiff,B Stiff,D Stiff,B Stiff,B Ache,D Numbness,No,,No,,,,,,,Y,,,,,,Y,,,,,M,15,20,21,2010 - 2011
,Y,,,,,,,,Y,,,C,,P,,,,,,,,,,A Pain,No,,No,,,Y,,Y,,Y,,,,Y,Y,Y,,,,,M,14,20,50,2010 - 2011
Y,,,Y,,,,,,,,,,C,,,,,,,,,,,A Cramp,No,,No,,,,,,,Y,,,Y,,,Y,,,,,M,13,20,10,2010 - 2011
,,,,,,,,,,,B,,,,,,,,,,,,D Discomfort,,No,,No,,,Y,,,,Y,,,Y,,Y,Y,,,,,M,12,19,19,2010 - 2011
,,,,Y,Y,,,,Y,,,,,,B,,,B Pain,B Pain,B Pain,,,,,Yes,RSI,No,,,Y,,Y,,Y,,,,,Y,,,,,,M,15,23,8,2010 - 2011
,,,,,Y,,,,,,P,C,,,,,,A,A,,,,B Ache,B Ache,No,,Doom,,Y,Y,,,,Y,Y,,,Fighting,Y,Y,,,,,F,14,19,55,2010 - 2011
Y,Y,,,,,,,,,,,,B,,,,,,,,,,,,No,,FPS,,,Y,,Y,,Y,Y,,Y,,Y,Y,Y,Y,Y,,M,20,26,15,2010 - 2011
,Y,,,,,,,,,,C,P,,,,,,D Ache,D Ache,Previous Issue,D Cramp,,,,Yes,Checkout,FPS,,,Y,,,,,,,,Pen & Paper,Y,Y,,,,,M,14,19,20,2010 - 2011
Y,Y,,,Y,,,,,,,,,,B,,,,,,,,,D Blisters,D Blisters,No,,No,,,,,,,Y,,,,,,Y,,,,,M,11,19,3,2011 - 2012
Y,Y,,Y,Y,Y,,Y,,Y,,,,P,,C,,,B Stiff,B Stiff,B Pain,,B Click,,,No,,No,,,Y,,,,Y,,,,,Y,Y,,,,,M,12,18,20,2011 - 2012
,,,,,Y,,,Y,,,,,B,,,,,B Stiff,,,A Strain,,D Pain,,No,,No,,,,,,,Y,Y,,,,,Y,,Y,,,M,15,19,6,2011 - 2012
,,,,Y,,,,,Y,,,,B,,,,,D Discomfort,,D Discomfort,,,,,No,,No,,Y,Y,,,,Y,,,,,,,Y,,,,M,15,22,37,2011 - 2012
Y,,,,,,,,,,,P,,C,,,,,,D Pain,,D Pain,,,,No,,FPS,,,Y,,,,Y,,Y,,,Y,Y,,,Y,,F,12,19,-,2011 - 2012
Y,,,,,,,,,,,,P,C,,,,,,,,,,,,No,,No,,,Y,,Y,,Y,,,,,,,,,,,M,12,19,-,2011 - 2012
,,,,,,,,,,,,,C,P,,,,A Ache,,,,,,,No,,No,,,Y,,Y,,Y,,,,,Y,Y,,,,,M,15,20,20,2011 - 2012
Y,,,,,,Y,,,,,,,,,B,,,,,D Pain,,D Pain,B Numb,,No,,No,,,Y,,,,Y,,,,,Y,Y,,,,,F,13,19,45,2011 - 2012
Y,Y,,Y,,Y,,,,,,C,,,,,,,A,,,A,A,,,No,,FPS,Y,,,,,Y,Y,Y,,,,Y,Y,,,,,M,2,25,6,2011 - 2012
Y,Y,Y,Y,Y,Y,,,,,,,C,,,,,,B Stiff,B Stiff,B Stiff,,,,B Stiff,No,,FPS/Driving,,,Y,,,,Y,Y,,,,,Y,,,,,M,9,19,7,2011 - 2012
,,Y,,,,,,,,,,,P,C,,,,D Discomfort,,,,,,B Blisters,No,,No,,,,,,Y,Y,,,,,,,Y,,,,M,14,18,20,2011 - 2012
,Y,,Y,,,,,,,,,C,P,,,,,D Discomfort,,A Pain,,,,,No,,No,,,Y,,,,Y,Y,,,,Y,Y,,,,,M,12,20,6,2011 - 2012
,,,Y,Y,,,,,,,,,C,P,,,,,,B Pain,,,,D Ache,No,,No,,,Y,,Y,,Y,,,,Action,Y,,,,,,M,15,20,55,2011 - 2012
Y,Y,,,,,,,,,,,P,C,,,,,,,,,,,,No,,No,,,Y,,,,Y,Y,,,,Y,Y,,,,,M,11,19,-,2011 - 2012
,,,Y,Y,,,,,,,B,,,,,,,D Discomfort,,,,D Pain,,,No,,No,,,Y,,Y,,,,,,,Y,,,,,,M,15,24,20,2011 - 2012
,,,,,,Y,,,,,,,B,,,,,A Sore,A Sore,,,,,,No,,No,,,,,,,,Y,,,,,Y,,,,,M,15,23,2,2011 - 2012
,,,,,,,,,,,,P,C,,,,,,,,D Stiff,,,,No,,No,,,Y,,Y,,Y,,,,,Y,,,,,,M,15,20,40,2011 - 2012
,,,,,,,,,,,,,,,B,,,,,,,B Pain,B Pain,,No,,No,,,,,,Y,Y,,,Y,,Y,Y,,,Y,,M,8,19,20,2011 - 2012
,Y,,Y,,,,,,Y,,,,B,,,,,,D Discomfort,,,,,D Blisters,No,,FPS,,,Y,,,,Y,Y,,,,Y,Y,,,,,M,17,21,13,2011 - 2012
Y,,,,Y,,,,,,,,,P,,C,,,,B Ache,B Ache,,,,,No,,Platform,,,Y,,,,,,,,,Y,,,,,,M,14,19,44,2011 - 2012
,,,,,,,,,,,,,B,,,,,,D Discomfort,,D Cold,,,,No,,No,,,Y,,,,,,,,,Y,Y,,,,,F,7,18,5,2011 - 2012
,Y,,,,Y,,,,,,,,B,,,,,,,,,,,,No,,No,,,,,Y,,,,,,,Y,Y,,,,,M,13,19,15,2011 - 2012
,,,,Y,,,,,,,,C,P,,,,,,,,,,,D Strain,No,,No,,,Y,,,,Y,Y,,,,,Y,,,,,M,13,18,1,2011 - 2012
,Y,Y,,,,,,,,,,,,C,P,,,B Ache,B Ache,B Ache,,,,,No,,No,,Y,Y,,,,Y,,,,,Y,Y,,,,,F,13,18,35,2011 - 2012
,,,,Y,,,,,,,,,B,,,,,D Discomfort,,,,,,,No,,No,,,Y,,,,,,,,,Y,Y,,,,,M,10,20,18,2011 - 2012
,,,,,Y,,,,,,,P,C,,,,,,B Pain,B Pain,,,,,No,,No,,,Y,,,,Y,,,,,,Y,,,,,M,10,19,22,2011 - 2012
Y,Y,,Y,,Y,,,,Y,,,,P,C,,,,,,D Pain,,,D Numb,,No,,FPS,,,Y,,,,Y,,,,,Y,,,,,,M,9,19,32,2011 - 2012
Y,,,,,,,,,,Throw-up,,,B,,,,,,,,,A  Damage,,,No,,No,,,,,Y,,,,,,,Y,Y,,,,,F,16,22,2,2011 - 2012
Y,Y,,,Y,Y,,,,,,,,,B,,,,,B,,D,D,,,Yes,Sport,No,,,Y,,Y,,Y,,,,,Y,Y,,,,,M,12,19,15,2011 - 2012
Y,Y,,,Y,Y,,,,,,,,P,C,,,,B,B Ache,B,,,D Sore,,No,,No,,,Y,,,,,,,Y,,,Y,,,,,M,12,18,18,2011 - 2012
,Y,,,Y,Y,,,,,,,B,,,,,,D Discomfort,,,,,,,No,,No,,,,Y,,Y,Y,,,,,Y,Y,Y,,,,M,10,19,12,2011 - 2012
Y,Y,,,,,,,,Y,,,,B,,,,,D Stiff,,B Pain,,,,,No,,No,,,Y,,,,,,,,,,Y,,,,,M,16,19,12,2011 - 2012
,,,,,,,,,,,,P,,C,,,,,,,,,D Ache,,No,,No,,,,,,Y,Y,Y,,,Fighting,Y,,,,,,M,16,19,25,2011 - 2012
,,,,,,,,,,,,P,,C,,,,A Stiff,,,,,,,No,,No,,,Y,,,,,,,,,Y,,,,,,F,12,19,22,2011 - 2012
Y,Y,Y,,,,,,,,,,P,,,C,,,,,,,,,,No,,No,,,Y,,Y,,Y,,,,,Y,,Y,,,,M,12,18,15,2011 - 2012
,,,,,,,,,,,,,B,,,,,,,,D Ache,,,D Ache,No,,FPS,,,Y,,,,Y,,,,,Y,,,,,,F,6,18,3,2011 - 2012
,Y,Y,Y,,Y,Y,Y,Y,Y,,,P,C,,,,,A Stiff,,,D Stiff,,,,No,,No,,,,,,,,Y,,,,,Y,,,,,M,18,23,9,2011 - 2012
Y,Y,,,,,,,,,,,,C,,,,,,,D Discomfort,,,,D Discomfort,No,,No,Y,,Y,,,,,Y,,,,,Y,,Y,,,M,10,19,8,2011 - 2012
,,,,,Y,,,,,,,,B,,,,,,,,,D Sore,,,No,,No,,,Y,,Y,,Y,,,,,Y,,Y,,,,M,15,20,24,2011 - 2012
Y,,,,,,,,,Y,,,P,C,,,,,,,,,B Carpal,,,No,,No,,,,,Y,,Y,,,,Turn-Strategy,Y,Y,,,,,M,15,19,24,2011 - 2012
Y,,,,,,,Y,,Y,,,B,,,,,,D,,B,,A,B,B,No,,No,,,,,,,,Y,,,,,Y,,,,,M,15,19,8,2011 - 2012
Y,Y,,,,,,,,,,,,,B,,,,,,A,,,D,,No,,No,,,Y,Y,,,,,,,,,Y,,,,Handheld,M,15,20,9,2011 - 2012
,Y,,,,,,,,,,,C,P,,,,,,,D Sore,,,A Blisters,A Blisters,No,,No,,,Y,,,,Y,,,Y,,Y,Y,,,,,M,11,19,30,2011 - 2012
Y,,Y,,,,,,,,,,C,,P,,,,,,D Pain,,,,,No,,No,,,Y,,,,Y,,,,,Y,Y,,Y,,,M,14,19,25,2011 - 2012
Y,,Y,,,Y,,,,,,,,C,,,,,A,A Sore,B,,D,,,No,,No,Y,,,,,,,Y,,,Fighting,,,Y,,,,M,17,20,3,2011 - 2012
Y,Y,,Y,Y,Y,,,,Y,,,,B,,,,,B Ache,B Ache,B Pain,,B Pain,A Blisters,B Stiff,No,,FPS/Driving,,,Y,,Y,,Y,,,,,Y,Y,,,,,M,15,21,28,2011 - 2012
,Y,,Y,Y,Y,,,Y,Y,,,,,,B,,,B Ache,B Ache,B Ache,,,,,No,,No,,,,Y,Y,,Y,,,,,,Y,,,,,M,9,20,24,2011 - 2012
,,,,,Y,,,,,,,P,C,,,,,,,,,,,,No,,No,,,,,,,,,,,,Y,,Y,,,,M,8,22,5,2011 - 2012
,,Y,,Y,,,,,,,,P,,,,,,,,,,D Numb,D Numb,,No,,No,,,,,,,Y,,,,,Y,,,,,,M,11,19,4,2011 - 2012
,Y,,,,,,,,Y,,,C,P,,,,,,,,,D Numb,,,No,,No,,,Y,,,,,,,,,Y,,,,,,M,15,18,12,2011 - 2012
Y,Y,,Y,Y,,,,,Y,,,,C,P,,,,D Discomfort,,D Pain,,,D Pain,,No,,No,,,Y,,,,Y,,,,MMO,Y,Y,,,,,M,10,18,20,2011 - 2012
,Y,Y,Y,,,,Y,,Y,,,,P,C,,,,,,,D Numb,,,A Blisters,No,,No,,Y,,,Y,,Y,,,,,Y,,Y,,,,M,15,23,20,2011 - 2012
,Y,Y,Y,,,,,Y,Y,,,,P,,C,,,A Sore,,,D,,D Numb,,No,,No,,Y,Y,Y,,,,,,,,Y,,Y,,,,F,12,19,65,2011 - 2012
Y,Y,,,Y,Y,,,Y,Y,,,,B,,,,,B Ache,A Ache,,,,,,No,,No,,,Y,,,Y,,,,,,Y,Y,,,,,F,7,19,10,2011 - 2012
Y,,,,,,,,,,,,,B,,,,,,D Stiff,,,,,,No,,No,,Y,Y,Y,Y,,,,,,,,,,Y,,,F,14,22,6,2011 - 2012
,,,Y,Y,Y,Y,Y,,,,,,,C,P,,,D,A,D,D,D,,B,No,,No,,,Y,,,,,Y,,,,Y,Y,Y,,,,M,13,19,30,2011 - 2012
,Y,,,Y,,,,,,,,,P,,,,,,,B Stiff,,,,,No,,No,,,Y,,,,Y,,,,,Y,,,,,,M,14,20,27,2011 - 2012
Y,,Y,,,,,,,,,,C,P,,,,,,,,,,,,No,,No,,,Y,,,,Y,Y,,,,Y,Y,,Y,,,M,16,21,16,2011 - 2012
,,,,Y,,,,,Y,,P,,,,,,,,,,,,,,No,,No,,,Y,,,Y,Y,,,,,Y,,Y,,,,M,17,21,25,2011 - 2012
,Y,Y,,,Y,,,,,,,P,,C,,,,A,,,,,,A,No,,No,Y,,,Y,,Y,,,,,,Y,,Y,,,,F,14,22,5,2011 - 2012
Y,Y,,,Y,Y,,,,,Shakey,P,,,C,,,,,,B Pain,,,,B Numb,No,,No,,,Y,Y,,,,,,,,Y,,Y,,,,F,15,19,0,2011 - 2012
Y,Y,Y,Y,Y,Y,,,Y,,,,,B,,,,,B Ache,B Ache,,,,,,No,,FPS,,,Y,,,,,,,,,Y,,,Y,,,F,7,18,0,2011 - 2012
Y,Y,,,Y,Y,,,,,,,,B,,,,,B Ache,D Ache,B Ache,,,,,No,,No,,Y,Y,,,,,Y,,,,Y,,Y,,,,F,10,18,10,2011 - 2012
,,,,,,,,Y,,,,,P,,,,,,,,D,,,,No,,No,,,Y,Y,,,Y,,,,,Y,,,,,,M,23,22,65,2011 - 2012
,,,,,,,,,,,,,B,,,,,,,,,,,,No,,No,,,,,,,,,,Y,,,Y,,,,,M,7,18,7,2011 - 2012
,,,,,,,,,,,,,,B,,,,D Ache,D Ache,D Ache,,,,,No,,No,,,Y,,Y,,,,,,,Y,Y,,,,,M,17,21,35,2011 - 2012
,Y,Y,,,Y,,,,,,,,,P,C,,,D Stiff,,,D Stiff,,,,No,,No,,,Y,,,,Y,,,,,Y,,Y,,,,M,12,19,12,2011 - 2012
,,Y,,,Y,,,,,,C,,P,,,,,D Stiff,D Stiff,,,,,A Blisters,No,,No,,,Y,Y,,,,Y,,,,Y,Y,,,,,F,16,21,12,2011 - 2012
,,,Y,,,,,,,,,B,,,,,,,,,,,,,No,,No,,,Y,,,,,Y,Y,,,Y,Y,,Y,Y,,M,16,22,10,2011 - 2012
,Y,,,,,,,,,,,C,P,,,,,A,,,,,,,No,,No,,,Y,,,,Y,Y,,,,Y,Y,,,,,M,18,23,16,2011 - 2012
,,,,,,,,,,,C,,,P,,,,,,,,,,,No,,No,,,Y,,,,Y,Y,,,,Y,Y,,,,,M,15,19,20,2011 - 2012
,,,,,,,,,,,,C,,P,,,,B Stiff,,,,,B Sore/ Blisters,B Sore/ Blisters,No,,Fighting,,,Y,,,,,,Y,,,Y,Y,,,,,F,12,20,10,2011 - 2012
,Y,,,,,,,,,,,,P,,C,,,,,,,,,,No,,No,,,Y,,Y,,Y,,,,,Y,,Y,,,,M,16,20,5,2011 - 2012
,,,,Y,Y,,,,,,,P,,,,,,,,,,,D,,No,,No,,,Y,,,,,Y,Y,,,Y,,,,,,M,12,19,10,2011 - 2012
,,,,Y,,,,,,,,B,,,,,,,D,,,,,,No,,No,,,Y,,Y,,Y,,,,,,Y,,,,,F,4,19,3,2011 - 2012
Y,Y,Y,,,,,,,,,,C,,P,,,,D Stiff,,,,,,,No,,FPS/Platform,,Y,Y,,Y,,,,,,,Y,,,Y,,,F,17,19,21,2011 - 2012
Y,,,,,Y,,,,,,,C,P,,,,,,,,,D Discomfort,D Pain,,No,,No,,,Y,,Y,,Y,,,,,Y,Y,,,Y,,M,12,18,55,2011 - 2012
Y,,Y,,Y,Y,Y,,,,Dry contacts,,,B,,,,,D Stiff,D Ache,,,,D Stiff,,No,,No,,,Y,,Y,,,Y,,,,Y,Y,,,,,M,20,24,16,2011 - 2012
,Y,,,,Y,,,,,,,,,,B,,,,,,D Pain,,D Ache,,No,,No,,,Y,,,,Y,,,,,,Y,,,,,M,12,18,2,2011 - 2012
,,,,,,,,,,,,B,,,,,,,,,,,D Pain,D Pain,No,,No,,,Y,,Y,,Y,,,,,Y,Y,,,,,M,17,19,30,2011 - 2012
Y,Y,Y,Y,Y,Y,,,Y,Y,,,,B,,,,,B Strain,,,,A Strain,,,No,,No,,,Y,,,,Y,,,,,Y,,,,,,M,15,22,72,2011 - 2012
Y,Y,,,,,,,,,,,,,,B,,,,,,D Pins Needles,,D Pins Needles,,No,,No,,,Y,,,,Y,y,,,,Y,Y,,,,,M,19,23,35,2011 - 2012
,Y,,Y,,Y,,,,,,,P,C,,,,,D Stiff,D Stiff,,,,,,No,,No,Y,,Y,,,,Y,,,,,,Y,,,,,M,15,33,12,2011 - 2012
,,Y,Y,Y,,,,,,,,B,,,,,,,,,,,,,No,,No,,,Y,,Y,,,,,,Sandbox,Y,Y,,,,,M,14,19,35,2011 - 2012
Y,Y,,,,,,,,,,C,,P,,,,,,,B,,,,,No,,No,,,RY,,,,,,,,,Y,,,,,,M,12,20,55,2011 - 2012
,,,,,,,,,,,,,B,,,,,,,,,,B Sore,,No,,FPS,,,,,,,,Y,,,,,,Y,,,,M,13,25,2,2011 - 2012
Y,Y,Y,Y,Y,Y,Y,Y,Y,Y,Everything wrong colour,,,C,P,,,,B Sore,B Sore,B Sore,D Strain,D Strain,D Strain,,No,,FPS/Fighting,,,,,,,Y,,,,,Y,,,,,,M,5,18,30,2011 - 2012
Y,Y,,,Y,Y,,,,Y,,,B,,,,,,,,,B PaIn,,,,No,,No,,Y,Y,,,,Y,,,,,Y,Y,,,,,M,12,18,24,2011 - 2012
,Y,,,Y,Y,,,,,,,C,P,,,,,A Pian,,,,B Pain,,D Pain,No,,No,,,Y,,Y,,Y,,,,,Y,Y,,,,,M,14,18,16,2011 - 2012
,,,,,,,,,,,,C,P,,,,,,,,,,,,No,,No,,,Y,,,,Y,Y,,,,Y,,,Y,,,M,11,19,18,2011 - 2012
Y,,Y,,,,,,,,,,,,B,,,,D Ache,,D Ache,,B RSI,,,Yes,Typing,No,,,Y,,,,Y,,,,,Y,Y,Y,Y,,,M,13,18,45,2011 - 2012
,,Y,Y,,,,,,,,,,B,,,,,,,,,,,,No,,No,,,,,,Y,Y,,,Y,,,,Y,,,,M,7,21,12,2011 - 2012
Y,Y,,,,,,,,,,,,C,P,,,,,,B Pain,,,,,No,,No,,,,Y,Y,,Y,,,,,Y,Y,,,,,M,13,18,14,2011 - 2012
,Y,,Y,Y,,,,Y,,,,,,,,,,,,,,,,,No,,No,,,,,Y,,Y,Y,,,,,,Y,,,,M,9,20,10,2011 - 2012
Y,Y,,,,Y,,,,Y,,,,P,C,,,,B Stiff,,B Stiff,,,,,No,,No,,Y,Y,,,,,,,,,,Y,,,,,F,14,18,-,2011 - 2012
,,,Y,Y,Y,,,,,,,,B,,,,,B,,B Stiff,,,,,No,,No,,,Y,,,,,,,,,Y,Y,,,,,M,15,20,20,2011 - 2012
,,,,Y,,,,,,,,,P,C,,,,,,,,,,,No,,No,,,Y,,Y,,Y,,,,,Y,,,,,,M,10,19,30,2011 - 2012
,,,,,Y,,,,,,,P,C,,,,,,,,,,,,Yes,No,No,,,Y,,,Y,Y,,,,,Y,,,,,,M,14,21,8,2011 - 2012
Y,Y,,,,,,,,Y,,,C,,P,,,,,,,,,,,No,,No,,,Y,,Y,,,,,,,Y,Y,,,,,M,18,21,10,2011 - 2012
,,,,Y,,,,,,,C,,P,,,,,,,,,,,,No,,FPS,,,Y,,,,,,,,,,Y,,,,,M,16,19,45,2011 - 2012
,,,,,,,,,,Tired,,C,P,,,,,,A Tired,,A Tired,,A Tired,,No,,No,Y,,Y,,,,,,,,Fighting,Y,Y,,Y,,,M,14,18,16,2011 - 2012
Y,Y,Y,Y,Y,Y,,,,,,,,B,,,,,B Ache/Pain,B Ache/Pain,,,,,,No,,No,,Y,,,,,,,,Y,,Y,,,,,,F,20,,6,2012 - 2013
,Y,,Y,,,,,,Y,,,,,B,,,,B Tension,B Tension,,,,,B Tension,No,,No,Y,,,Y,,,,Y,,,,Y,,Y,,,,F,16,22,5,2012 - 2013
,Y,,Y,,,,,,,,,P,C,,,,,,,D Strain,,,,,No,,No,,,Y,,Y,,Y,,,,,Y,,,,,,M,10,20,23,2012 - 2013
,Y,,,,,Y,,,,,,P,C,,,,,,,,,,,,No,,No,,,Y,,Y,,Y,,,,,Y,Y,,,,,M,8,18,17,2012 - 2013
,Y,,,,,,,Y,,,C,,,,P,,,,,,D Pain,,D Blister,D Blister,No,,No,,,Y,,,,Y,,,,,Y,Y,,Y,,,M,26,30,70,2012 - 2013
,,Y,,Y,,,,,,,,C,P,,,,,,,,,,,,No,,No,,,,,Y,,,,,,Jandook,Y,,Y,,,,M,15,20,25,2012 - 2013
,Y,,,,,,,,,,,,,,C,,,,,A Work rel.,,A Tingling,A Numbness,,No,,No,,,,,,,,,,,,,,,,,,,,One page only ,,2012 - 2013
,Y,,Y,,,,,,,,,C,P,,,,,D Arthritic,,A Arthritic,,,,D Blister,No,,No,,,Y,,Y,,Y,,Y,,,Y,Y,,,,,M,20,25,14,2012 - 2013
,Y,,,,,,,,,,,P,,,,,,,,D Hurts,,,,,No,,No,,,,Y,Y,,,,,,Moba,Y,,,,,,M,18,23,75,2012 - 2013
Y,,,,Y,,,,Y,,,,,C,P,,,,,A Ache,A Ache,B Cramp,D Cramp,,,No,,Mirror's Edge,,Y,,,,,,Y,,,,Y,Y,,,,,F,14,18,12,2012 - 2013
,,,,,,,,,,,,,P,C,,,,,,,,,A Blister Ache,A Blister Ache,No,,No,,,Y,,Y,,Y,,,,,Y,Y,,,,,M,16,21,75,2012 - 2013
,Y,,,Y,Y,,,Y,,,C,,,P,,,,B Stiffness,B Stiffness,,,,B Blister,B Blister,No,,No,,,Y,,,,,Y,,,,,Y,,,,,M,18,28,25,2012 - 2013
,Y,,,,,,,,,,B,,,,,,,,,,,,,,No,,No,,,Y,,,,Y,,,Y,,Y,Y,,,,,M,16,19,10,2012 - 2013
Y,Y,Y,,,,,,,,,,,,B,,,,,,,,,,,No,,FPS/Fight,,,Y,,,,,,,,,Y,,Y,,,,M,12,20,5,2012 - 2013
,,,Y,,Y,,,,,,,,P,C,,,,,,D Discomfort,,,A Ache,A Irritated,No,,Platform,,,Y,,,,Y,Y,,,,,Y,,Y,,,M,15,19,75,2012 - 2013
Y,Y,Y,Y,,Y,Y,,Y,Y,,,,P,C,,,,B Discomfort,,B Ache,A Soreness,B Discomfort,D Numbness,D Numbness,No,,No,,,Y,Y,,,Y,,,,,Y,,,,,,M,14,20,15,2012 - 2013
,,,Y,,,,Y,,,,,P,C,,,,,,,B Pain,,,,,No,,No,,,Y,,Y,,Y,,,,,Y,,,,,,M,23,26,75,2012 - 2013
,,,,Y,,,,,,,,,B,,,,,D Ache,,,,D Pain,,,No,,No,,,Y,,,,Y,,,,,,,,,,,M,15,19,3,2012 - 2013
,Y,,,,,,,,,,,C,,P,,,,,,,,,D,D,No,,No,,,Y,,Y,,Y,,,,,Y,Y,,,,,M,11,19,85,2012 - 2013
,Y,,,,,,Y,,,,,C,,P,,,,A Strain,,,,,,D ,No,,No,,Y,Y,,Y,,,,,,,Y,Y,,,,,M,10,20,85,2012 - 2013
Y,Y,Y,,Y,Y,,,,Y,,,,B,,,,,D Discomfort,,,,D Discomfort,D Blister,D Blister,No,,FPS,,Y,,,Y,,Y,,,,,Y,,Y,,,,F,4,19,5,2012 - 2013
,,,,,,,,,Y,,,C,P,,,,,,,A Pain,,,,,No,,No,,,,,,,Y,,,,,,Y,,,,,M,8,19,10,2012 - 2013
,,,,Y,,,,,,,,,C,P,,,,,,,,,,,No,,No,,,,,,,Y,,,Y,,,Y,,,,,M,15,23,25,2012 - 2013
Y,Y,,,,,,,,,,,B,,,,,,,,,,,,,No,,No,,Y,,,Y,,Y,,,,,Y,,,,,,M,11,22,5,2012 - 2013
Y,Y,,,,,,,,,,C,,P,,,,,D Posture,,,,,,,No,,No,,,,,,,Y,Y,,Y,,,Y,,,,,M,16,21,30,2012 - 2013
,,,,Y,,,,,,,,P,C,,,,,A Stiff,,,,,,,No,,No,,,Y,Y,Y,,,,,,,Y,Y,,,,,M,16,18,48,2012 - 2013
,,,,Y,,,,,,,,C,P,,,,,D Strain,,,,,D Strain,,No,,No,,,Y,,Y,,Y,,,,,Y,Y,,,,,M,12,18,10,2012 - 2013
Y,Y,Y,Y,Y,Y,,,,,,,B,,,,,,,,B Hunched,,,,,No,,No,,,Y,,,,Y,,,,Fight,Y,Y,,,,,M,12,18,25,2012 - 2013
Y,Y,Y,,,,,,,,,,,B,,,,,D Stiff,,,,D Stiff,,,No,,No,,,Y,,,,Y,,,,,Y,Y,,,,,M,15,18,35,2012 - 2013
,Y,,,,Y,,,,,,,P,C,,,,,,,,,D Discomfort,D Discomfort,D Discomfort,No,,No,,,Y,,,Y,Y,,,,,Y,Y,,,,,M,14,19,10,2012 - 2013
Y,,,,,,,,,,,,B,,,,,,,,,,,D Ache,,No,,No,,,,,,,Y,,,,,,Y,,,,,M,16,23,5,2012 - 2013
,Y,Y,Y,Y,,,,,Y,,P,C,,,,,,,,,,,,,No,,No,,,Y,,Y,,Y,,,,,,Y,,,,,M,9,19,1,2012 - 2013
Y,Y,,,,Y,,,Y,Y,,,C,,P,,,,A Sore,,A Sore,A Strained,,,,No,,No,,,Y,,,,,,,,,,Y,,,,,F,13,19,30,2012 - 2013
,,,Y,,Y,,,,,,,C,P,,,,,,,,,,,,No,,No,,,Y,,Y,,Y,,,,,Y,Y,,,,,M,14,21,20,2012 - 2013
Y,,,,,,,,,,,,B,,,,,,,,A Ache,,,,,No,,No,,,Y,,,,Y,Y,,,,,Y,,,,,M,14,20,15,2012 - 2013
,,,,,,,Y,,,,C,P,,,,,,,,,,,,D Locking,No,,No,,Y,,,,,Y,,,,,Y,Y,,,,,M,15,20,10,2012 - 2013
,,,,,,,Y,,Y,,,,P,,C,,,,,A Ache,,,,,No,,No,,Y,,,Y,,Y,,,,,Y,,,,,,M,16,22,80,2012 - 2013
Y,Y,Y,Y,Y,,,,,Y,,,C,,P,,,,B Sore,B Sore,B Pain,B Discomfort,B Discomfort,B Pain,,No,,Plat/Dance,,,y,,,,y,,,,Minecraft,y,y,,,,,F,14,19,14,2012 - 2013
,,,,,,,,,,,,,,,B,,,,,,,,,,No,,No,,,Y,Y,Y,,,,,,,Y,,,,,,Both,15,18,30,2012 - 2013
,,,,,,,,,,,,B,,,,,,D Ache/Pain,D Ache/Pain,,,,,,No,,Watching,,Y,Y,,,,Y,,,,,Y,Y,,,,,F,12,19,20,2012 - 2013
Y,,,,Y,,,,,,,,,P,C,,,,,,,,,A Numbness,,No,,No,Y,,Y,,,,,Y,,,,Y,Y,Y,,,,F,16,20,15,2012 - 2013
,,,Y,,,,,,Y,,,B,,,,,,,,,,,,,No,,No,,,,Y,Y,,Y,,,,,Y,,Y,,,,F,14,20,24,2012 - 2013
,,,Y,,,,,,Y,,,C,P,,,,,,,,,,,,No,,No,,,Y,,,,Y,,,,,,Y,,,,,M,13,24,10,2012 - 2013
,,,,,,,,,,,,,,B,,,,,B Pain,B Pain,,,,,No,,No,,,,,Y,,Y,Y,,,,Y,,Y,,,,M,16,20,20,2012 - 2013
Y,,,,Y,,,,,,,B,,,,,,,,,D PC,,,,,No,,Travelling,,Y,,,,,,,,,,,Y,,,,,M,15,20,10,2012 - 2013
,,,,,,,,,,,,,,,B,,,,,A Ache,,,,,No,,No,,,Y,,,,,,,,,Y,,,,,,M,14,18,36,2012 - 2013
,Y,,Y,,Y,,Y,,Y,,,,,B,,,,,,,,,,,No,,No,,,Y,,,,,Y,,,,Y,Y,,Y,,,M,18,21,30,2012 - 2013
Y,Y,,,,,,Y,,,,,P,,,C,,,,D Discomfort,,,,,,No,,No,,,Y,,Y,,Y,,,,,Y,Y,,,Y,,M,18,21,30,2012 - 2013
Y,Y,Y,Y,Y,Y,,,Y,Y,,,,P,C,,,,B,D,B,,B,,B,No,,FPS,,Y,Y,,,,,Y,,,,Y,Y,,,,,F,16,22,5,2012 - 2013
Y,Y,,,,,,,,,,P,C,,,,,,,,,,,,,Yes,Not,No,,,Y,,,,,,,,,Y,Y,,,,,M,14,18,10,2012 - 2013
,Y,,,Y,,,,,Y,,,C,,P,,,,,,B Stiff,,D Pain,,,No,,No,,,Y,,,Y,Y,,,,,Y,Y,,,,,M,10,19,12,2012 - 2013
Y,Y,Y,Y,,,Y,Y,,,B Tears,,,C,P,,,,B Stiff/Pain,B Stiff/Pain,D Stiff,B Pins Needles,A Sore,,,No,,No,Y,,,,,,Y,Y,,,,Y,Y,Y,,,,F,16,19,65,2012 - 2013
Y,Y,,Y,,,,,,Y,,C,,P,,,,,B Ache,,,,,,B Ache,No,,No,Y,,Y,,,,,Y,,,,Y,Y,,Y,,,F,5,18,7,2012 - 2013
Y,,,Y,,,,,,Y,,,,B,,,,,D Strain,D Strain,,,,,,No,,No,,,Y,Y,Y,,,,,,,Y,,,,,,M,14,21,28,2012 - 2013
Y,Y,,Y,,Y,Y,Y,,,,,,C,P,,,,B Posture,B Posture,B Posture,D Pain,D Pain,D Pain,D Pain,No,,No,,,Y,,,,,Y,,,Fight,Y,Y,Y,,Y,,M,14,19,35,2012 - 2013
Y,,,,,Y,,,,,,,,,B,,,,,,,,A,,A,No,,No,,,Y,,,,Y,,,,,Y,,,,,,M,15,19,22,2012 - 2013
,Y,,,,Y,,,,,,,,P,C,,,,D,D,,A,A,A,,No,,No,,,Y,,Y,,Y,,,,,Y,,,,,,M,13,19,18,2012 - 2013
,,,,,,,Y,,,,,,B,,,,,,,B Not just games,,,,,No,,No,,Y,,,,,,,,,Minesweeper,Y,,,Y,,,F,10,19,8,2012 - 2013
Y,Y,,,,Y,,,,Y,,,,C,,P,,,D Discomfort,D Pain,D Discomfort,,,D Pain,D Pain/Numb,No,,No,,,Y,,,Y,Y,,,,,Y,Y,,,,,M,13,19,45,2012 - 2013
Y,Y,,Y,,Y,Y,Y,Y,Y,,,,P,,C,,,B Pain,B Pain,B Pain,B Pain/Blister,B Pain,B Pain/Blister,,Yes,Computing,No,,,Y,,Y,,,,,,Moba,Y,,,,,,M,10,21,70,2012 - 2013
,,Y,Y,Y,Y,,,,Y,,C,,,,P,,,B Soreness,B Soreness,,,,,,No,,No,,,Y,,,,,Y,,,Horror,Y,Y,,,,,M,18,22,15,2012 - 2013
,,,,,,,,,Y,,,C,,P,,,,,,D Numbness,,A Discomfort,,A Discomfort,No,,No,,,Y,,Y,,,Y,,,,Y,Y,,,,,M,15,21,21,2012 - 2013
,Y,,,,,,,,,,P,C,,,,,,,,,,,,,No,,No,,,Y,,,,,,,Y,,,Y,,,,,M,14,20,53,2012 - 2013
Y,,,,,,,,,,,,,,B,,,,D Pain,,D Pain,,,,,No,,No,,,Y,,,,Y,,,,Horror,,Y,,Y,,,M,16,19,20,2012 - 2013
,,,,,Y,,,,,,,,,,B,,,D Tight/Pain,,,,,,A Blister,No,,FPS,,,Y,,,Y,Y,,,,,Y,Y,,,,,M,14,22,65,2012 - 2013
,,,,,Y,,,,,,,,B,,,,,,,,,,,,No,,No,,,Y,,Y,,Y,,,,,,Y,,,,,M,13,19,12,2013 - 2014
,,,,Y,,,,,,,,,C,,P,,,B Ache,B Ache,B Ache,B Cold Hands,,,,No,,No,,,Y,Y,,,Y,,,,,Y,,,,,,F,16,19,50,2013 - 2014
,,,,,,,,,,,,P,C,,,,,,,,,,D Numb,,No,,No,,,Y,,Y,,Y,,,,,,Y,,,,,M,15,19,30,2013 - 2014
,Y,,,Y,Y,,,,,,,C,P,,,,,,,,,B Strain,,,No,,No,,,,,,,Y,,,,Moba,Y,Y,,,,,M,18,20,22,2013 - 2014
Y,Y,,,,,,,,,,,,B,,,,,,,,,B Strain,,,No,,No,,,Y,,,,Y,,,,Moba,Y,,,,,,M,18,20,25,2013 - 2014
,,,,,,,,Y,,,C,,,,,,,,,,,,,D Numb,No,,No,,,,,,Y,,,,,,,Y,,,,,M,11,18,5,2013 - 2014
,,,,,,,,,,,,,P,,,,,,,,,,,,No,,No,,,Y,,Y,,Y,,,,,Y,,,,,,M,9,20,21,2013 - 2014
,,,,,Y,,,,,,,,,B,,,,,,,,A Mild Pain,,,No,,No,,,y,,y,,,,,,,y,y,,,,,M,15,20,42,2013 - 2014
,,,,,Y,,,,Y,,,p,,c,,,,B Ache,,,D Cold,,,,No,,No,,,Y,,,,Y,Y,,,,Y,Y,,,,,M,16,21,75,2013 - 2014
Y,Y,Y,Y,,,,,Y,Y,Migrain,,,B,,,,,B Ache,B Pain,B Ache,B Ache,B Carpal,,,No,,No,,Y,Y,,,,Y,,,,,Y,Y,,,,,M,20,23,30,2013 - 2014
Y,Y,,,Y,Y,,,,Y,,,,C,P,,,,B Pain,B Clicking/Locking,B Clicking/Locking,B Pain,B Locking,B White Finger,B White Finger,No,,FPS/Driving,,Y,Y,,,,,Y,,,,Y,Y,,,,,F,15,18,8,2013 - 2014
Y,Y,Y,Y,Y,Y,Y,,Y,,,,C,,P,,,,B,,D,,,,B White Finger,No,,No,,,Y,,,,Y,Y,,,,Y,Y,,,,,M,17,20,10,2013 - 2014
,,,,Y,,,,,,,P,,,C,,,,D Pain,,,,D Pain,D Numbness,,No,,No,,,Y,,Y,Y,Y,,,,,Y,Y,,,,,M,10,18,6,2013 - 2014
Y,,,,,,,,,,,,,,B,,,,,,,,,B Blisters,B Blisters,No,,No,,,Y,,,,,,,,,,Y,,,,,M,15,20,8,2013 - 2014
Y,Y,Y,Y,Y,Y,Y,Y,Y,Y,,,C,,P,,,,A,D,D,A,A,A,A,No,,FPS/Driving,,,Y,,Y,,Y,,,,,Y,Y,,,,,M,12,18,28,2013 - 2014
,,Y,,,,,,,,,,,P,,,,,,,,,,,,No,,No,,,,,Y,,Y,,,Y,,,Y,,,,,M,15,22,10,2013 - 2014
,Y,,Y,,Y,,,,,,,,B,,,,,D Ache,,,,,,,No,,No,,,Y,,,,Y,,,Y,,Y,Y,,,,,M,10,19,25,2013 - 2014
,Y,Glasses,,,,,,,,Nausiated,,,P,,,,,A Ache,A Ache,A Stiffness,,,,,No,,FPS,,,Y,,,,,,,,,Y,,,,,,M,17,20,7,2013 - 2014
,,,,,,,,Y,,,B,,,,,,,A Sore,,,,,,B Blisters,No,,No,,,,Y,Y,,Y,,,,,Y,,,,,,M,12,18,15,2013 - 2014
,,Y,,,,,,,Y,,,B,,,,,,A Discomfort,,,,,,,No,,No,,,Y,,,,,Y,,,,Y,,,,,3DS,M,12,18,10,2013 - 2014
,,,,,,,,,,,,C,,P,,,,,,B,,,,D,No,,No,,Y,Y,,,Y,,,,,,,Y,,,,Wheel,M,15,18,25,2013 - 2014
Y,,,Y,Y,,,,,,,,,,C,P,,,,A Discomfort,,,A Discomfort,,D Pain,No,,No,,,Y,,,,Y,Y,,,,,Y,,,,,M,13,19,24,2013 - 2014
,,,,Y,,,,,,,,B,,,,,,,,,,,,A Pain,No,,No,,,,,,,,,,,Soundbox,Y,,,,,,M,12,19,12,2013 - 2014
,,,Y,,Y,,,,Y,,C,P,,,,,,,,,,,,D Pain,No,,No,,,,,Y,,,Y,,,,,,Y,,,,M,10,21,9,2013 - 2014
,,,,,,,,,Y,,,C,P,,,,,,,B Pain,,,,,No,,No,,,Y,,,,,,,,,Y,Y,,,,,M,15,19,25,2013 - 2014
,,,,,Y,,,,,,,,B,,,,,D Ache,,,,,,,No,,FPS,,,Y,,,,Y,Y,,,,,,,,,,F,13,19,15,2013 - 2014
,,,,,Y,,,,Y,,,B,,,,,,,,A Ache,,,,,No,,No,,,Y,Y,,,Y,,,,,Y,Y,Y,,,,M,15,20,15,2013 - 2014
,,,,,,,,,,,,,B,,,,,,,,,,,,No,,FPS,,,Y,Y,Y,,,,,,,Y,,,,,,F,9,20,25,2013 - 2014
Y,Y,,Y,Y,Y,,,,Y,,,C,,P,,,,,,B Ache,,B Ache,,,YES,Games,No,,Y,Y,,,,Y,,,,,,Y,,,,,F,12,19,20,2013 - 2014
,,,,Y,,,,,,,,P,,C,,,,,,B Pain,,,,,No,,No,,,,Y,,,Y,,,,,Y,,,,,,M,15,20,10,2013 - 2014
,,,,,Y,,,,Y,,,,C,,,,,,,A Pain,,,,,No,,No,,Y,Y,,,,,Y,,,,,Y,,,,,M,13,18,30,2013 - 2014
Y,Y,,,,,,,Y,Y,,P,C,,,,,,,,,,,,,No,,No,,,Y,,Y,,Y,,,,,Y,,,,,,M,14,19,60,2013 - 2014
,,,,Y,Y,,,,Y,,,C,,,P,,,,,A Ache,,,,,No,,No,,,Y,,,Y,Y,,,,,,Y,,,,,M,16,19,20,2013 - 2014
,Y,,,,,,,,,,,,B,,,,,,,,,,,B Sore,No,,No,,,Y,,,,,Y,,,Adventure,,Y,,Y,,,M,15,19,15,2013 - 2014
Y,Y,,,,,,,,,,,P,C,,,,,,,,,,,B Ache,No,,No,,,Y,Y,,,,Y,,,,,Y,,,,,F,15,20,15,2013 - 2014
,,,Y,,,,,,,,,,B,,,,,,,,,,,,No,,No,,,,,,,,,,,Moba,Y,,Y,,,,M,21,24,30,2013 - 2014
,,,,,,,,,,,,,,B,,,,,,,,,,,No,,No,,,,,,,Y,Y,,,,Y,,,,,,M,13,19,10,2013 - 2014
,Y,,Y,Y,,,,,Y,,,,C,,P,,,D Discomfort,,,,D Pain,,D Pain,No,,No,,,Y,,Y,,Y,,,,,Y,Y,,,,,F,17,23,10,2013 - 2014
,,,,,,,,Y,,,C,P,,,,,,D Ache,,,,,,,No,,No,,,,,Y,,,,,,,Y,,,,,,M,12,18,20,2013 - 2014
Y,Y,Y,Y,Y,Y,,,Y,Y,,,,P,,C,,,A Pain,,,,,,,No,,No,Y,,Y,,,,Y,,,,,,Y,,,,,M,13,19,10,2013 - 2014
,Y,,,,,,,,,,,P,,C,,,,A Pain,,,,,,,No,,No,,,Y,,,,Y,,,,,,,,,,,M,9,18,8,2013 - 2014
Y,Y,Y,Y,Y,Y,Y,Y,Y,Y,,,,P,C,,,,B Pain,B Pain,,,D Stiff,,,No,,No,,Y,,Y,,,Y,,,,,Y,,,,,,F,11,19,6,2013 - 2014
Y,Y,,,,Y,,,,,,,C,P,,,,,,,D Discomfort,,,,,No,,No,,Y,Y,,Y,,,,,,,Y,,,,,,F,18,22,40,2013 - 2014
Y,Y,,,,Y,,,,Y,,,P,,C,,,,A Pain,,B Pain,,A Pain,,,No,,No,,,Y,Y,,,,Y,,,,Y,Y,,,,,F,10,18,30,2013 - 2014
Y,Y,,,,,,,,,,,C,P,,,,,,,,,A Strain,,,No,,No,,,Y,,,,,,,,MMO,Y,,,,,3DS,F,12,18,20,2013 - 2014
,,,,Y,Y,,,,,,,B,,,,,,D Ache,,D Ache,D Pain,A Pain,D Pain,A Pain,No,,No,,,Y,Y,,,,Y,,,,Y,Y,,,,,M,8,18,6,2013 - 2014
Y,Y,,Y,Y,Y,,,,,,,,P,C,,,,,,D Ache,D Blisters,,,,No,,No,,,Y,,Y,,Y,,,,,Y,,,,,,M,10,18,45,2013 - 2014
,,,Y,,,,,,Y,,,P,C,,,,,,,,,,,,No,,No,,,Y,,,,Y,,,,,Y,Y,,,,,M,11,18,30,2013 - 2014
Y,Y,,,,Y,,,,,,,C,P,,,,,A Ache,A Ache,,,,,,No,,No,,,Y,,,,Y,Y,,,,Y,,,,,,M,20,25,11,2013 - 2014
Y,Y,,,,Y,,,,Y,,,B,,,,,,,,,,D Numbness,,,No,,No,Y,,Y,,,,Y,,,,,Y,Y,,,,,M,15,20,11,2013 - 2014
Y,Y,,,,,,,,Y,,B,,,,,,,,,,,B RSI,,B RSI,YES,CTS,No,,,Y,,,,,,,,Moba,Y,,,,,Handheld,M,14,19,3,2013 - 2014
,,Y,Y,Y,Y,,,,,,,,C,P,,,,D Ache,D Ache,,D Ache,,,,YES,Injusry+overuse,Underwater Levels,,,Y,Y,,,,,,,3FS,,Y,,,,,F,16,21,4,2013 - 2014
Y,Y,,Y,Y,Y,,,,Y Result of Meningitis,"Irrelevant, you get headaches reading books",,B,,,,,,B Strain,,,,,,,No,,No,,,,Y,Y,,Y,,,,,Y,Y,,,,,M,17,19,24,2013 - 2014
Y,Y,,,,Y,,,Y,,,,B,,,,,,,,,A Strain,D Pain,,,No,,No,,,Y,,Y,Y,,Y,,,,Y,,,,,,M,14,19,40,2013 - 2014
Y,Y,,Y,Y,Y,,,Y,Y,,,,P,,C,,,B Pain,,,,,,,No,,No,,,,,,,,,,,Art,Y,Y,,,,,M,15,19,10,2013 - 2014
,,Y,,,,,,Y,,,,B,,,,,,D,B,,,,D,,No,,No,,Y,Y,,,,,Y,,,,Y,Y,,,,,M,15,21,35,2013 - 2014
Y,,,,Y,,,,,,,,C,P,,,,,D,D,B,,,,,No,,No,,,Y,,Y,,Y,,,,,Y,Y,,,,,M,16,19,10,2013 - 2014
,,Y,,,Y,,,,,,,C,,P,,,,B Discomfort,B Discomfort,,,,,D Pain,No,,Driving,,,,,,,Y,Y,,,3PS/Action,Y,,,,,,M,18,21,7,2013 - 2014
,,,Y,,,,,,,,,B,,,,,,A Ache,A Ache,A Ache,D Blisters,,,,No,,No,,,,,Y,,,,,,Moba,Y,,,,,,M,20,22,10,2013 - 2014
,Y,,Y,,,,Y,,,,C,,P,,,,,B Pain,,,,,,B Pain,No,,No,,,Y,,,,,,,,MMORPG,Y,,,,,,M,12,18,18,2013 - 2014
,,,,,,,,,,,,,B,,,,,,,,,D,,B,No,,FPS,,,Y,,,,,,,,,Y,,,,,,M,7,20,20,2013 - 2014
Y,Y,,,Y,Y,,,,Y,,,P,C,,,,,D Pain,,,,D Pain,,,No,,No,,,Y,,,,Y,,,Y,,Y,,,,,,M,15,19,40,2013 - 2014
,Y,Y,,Y,Y,Y,,,Y,,,B,,,,,,,,,,,,,No,,No,,,,,Y,,,,,,,,Y,,,,,M,10,21,6,2013 - 2014
,,,,Y,Y,,,Y,,,,,,,B,,,,,,D Friction Burn,,D Pain,,No,,No,,,,,,Y,,,,,Mobile,Y,Y,Y,,,Mobile,M,15,19,7,2013 - 2014
Y,Y,,,,,,,,,,,,B,,,,,,,,,B Numbness,,,No,,No,Y,,Y,,,,Y,,,,,Y,Y,,,,,M,12,20,28,2013 - 2014
Y,Y,Y,Y,Y,Y,Y,Y,Y,,,,C,P,,,,,B Pain,B Pain,B Pain,B Pain,B Pain,B Pain,B Pain,YES,Games,FPS,Y,,Y,,,,Y,Y,,,,Y,,,,,,M,20,24,20,2013 - 2014
Y,,Y,Y,Y,Y,Y,,,,,,B,,,,,,B Ache,B Ache,B Ache,B Ache,D Ache,D Ache,D Ache,No,,No,,,Y,,,,Y,,,,,Y,Y,,,,,M,18,22,5,2013 - 2014
Y,Y,Y,,,Y,Y,,,Y,,,,,C,,,,,,B Pain,D Pain,B Pain,D Numbness,D Numbness,YES,Not specified,Plat/Dance/Driving,Y,Y,Y,,,,,,,,,,Y,Y,,,3DS,M,17,19,44,2013 - 2014
Y,,,Y,,,Y,,,Y,,,C,P,,,,,B Ache,,B Pain,,B Pain,B Stiff,B Carpal,No,,No,,,,,,,,,,,Adventure,,Y,,,,,M,9,19,1,2013 - 2014
Y,Y,,Y,,,,,Y,,,,,,P,,,,D,,,,,,,No,,No,,,Y,,,,,,,,,Y,,,,,,M,10,19,0,2013 - 2014
Y,Y,,,,,,,,Y,,,,P,C,,,,,,B Ache,,,,,No,,No,,,,Y,,,Y,,,,,Y,,,,,,M,13,22,8,2013 - 2014
Y,Y,Y,,Y,,,,,,,,B,,,,,,D Pain,,D Numbness,D Pain,D Pain,,D Numbness,No,,FPS,,,Y,,,,Y,,,,Survival Horror,,Y,,,,3DS,M,14,18,28,2013 - 2014
,,,,,Y Need to Sleep,,,,,,,P,C,,,,,,,,,,,,No,,No,,,Y,,Y,,Y,,,,,Y,Y,,,,,M,14,19,22,2013 - 2014
,,,,,,,,,,,,P,C,,,,,,,,,,,,No,,No,,,Y,,,,,,,,,,Y,,,,,F,19,25,,2013 - 2014
,,,,,,,,,,,C,P,,,,,,,,,,,,,YES,Oculus Rift,No,,,Y,,Y,,,,,,,Y,,,,,,M,16,20,70,2013 - 2014
,,,,,,,,,,,,,B,,,,,D,D,,,,,,No,,No,,Y,Y,,,,Y,,,,,Y,,,,,,M,13,19,10,2013 - 2014
Y,Y,,,Y,Y,,,,Y,,,P,C,,,,,,,B Aching,B Aching,,B Aching,B Aching,No,,No,,,Y,,,Y,Y,,,Y,,,Y,,,,,M,16,20,10,2013 - 2014
Y,Y,Y,Y,Y,Y,Y,Y,Y,Y,,,,P,C,,,,,,B Aching,,,,B Aching,No,,FPS,Y,Y,Y,,,,Y,Y,,,,Y,,,,,,F,3,19,33,2013 - 2014
,,,,,Y,,,,,,,,P,C,,,,,,,,,,,No,,No,,,,Y,,,Y,,,,Horror,,Y,,,,,F,11,19,14,2013 - 2014
,,,Y,,Y,,,,,,,,,P,,,,,,,,,,,No,,No,,,,,Y,,Y,,,,,Y,,,,,,M,10,23,42,2013 - 2014
,,,,,,,Y,Y,,,B,,,,,,,B Pain,,,,,,,No,,No,,,Y,,,,,Y,,,Stealth,,Y,,,,,M,13,18,10,2013 - 2014
,,,,,,,,,,,,C,,P,,,,,,,,D Ache,,,No,,Adventure,,,Y,,,,,,,,,,Y,,,,,M,13,19,5,2013 - 2014
Y,Y,,Y,Y,,,,,Y,,,,,,B,,,B Pain,B Pain,,,B Pain,,,No,,Puzzle,,Y,Y,,,,,Y,,,,Y,,,,,,M,18,22,14,2013 - 2014
,,,,,,,,,Y,,C,P,,,,,,,,,,,,,No,,No,Y,,Y,Y,,,Y,,,,,Y,Y,,,,,M,19,24,10,2013 - 2014
Y,,,,,,,,,,,,C,P,,,,,D Pain,,A Ache,,,,D Knuckle Cracking,No,,No,,,Y,,,,,,,,,Y,,,,,,M,15,21,15,2013 - 2014
Y,Y,Y,Y,Y,Y,Y,Y,Y,Y,,,,B,,,,,,B Ache,B Ache,,,,,No,,Plat/Dance,,,,,,Y,,Y,,,,Y,Y,Y,,,,F,15,21,12,2013 - 2014
,Y,,Y,,Y,,Y,,Y,,,P,C,,,,,A Ache,A Ache,A Ache,,,,,No,,No,,,Y,,Y,,Y,,,,,Y,Y,,,,,M,12,20,70,2013 - 2014
,Y,,Y,,Y,,,,,,,B,,,,,,B Athritis,B Athritis,B Athritis,B Athritis,B Athritis,B Athritis,B Athritis,YES,gGuitar Playing,No,,,Y,Y,Y,,,,,,,Y,Y,,,,,M,12,19,18,2013 - 2014
Y,,,,,,,,,,,,, ,,,,,,,,,,,,No,,No,,,Y,,,,Y,,,,,Y,Y,,,,,M,16,18,20,2013 - 2014
Y,Y,,,Y,Y,,,,,,,,C,,P,,,,,B Strain,,,D Awkward key position,D Awkward key position,No,,No,,,Y,,,,,,,,RoGue-like,Y,Y,,,,,M,16,19,21,2013 - 2014
Y,Y,Y,,Y,,Y,,Y,Y,,,,C,,,,,,,,,,,,No,,No,,,Y,,,,,Y,Y,,,,Y,,,,,M,9,19,8,2013 - 2014
Y,,Y,,,,,,,,,,,B,,,,,D Neck,,,,,,,No,,No,,,Y,,,,Y,,,,,Y,Y,,,,,M,16,19,10,2013 - 2014
,,,,,,,,,,,,,B,,,,,,,,,,,,No,,No,,,,,Y,Y,,,,,,Y,,,,,,M,9,19,24,2013 - 2014
Y,Y,Y,Y,,Y,,,Y,Y,,,B,,,,,,D Discomfort,D Discomfort,D Discomfort,D Strain,,,,No,,No,,,Y,,,,Y,Y,,,,,Y,,,,,M,11,20,24,2013 - 2014
,,,Y,Y,Y,,,Y,Y,,,,P,,,,,,,D Pain,,,,,No,,No,,,,,Y,,,,,,,Y,,,,,,M,12,20,15,2013 - 2014
Y,Y,,Y,,Y,,,,Y,,,C,,P,,,,D Pain,,A Discomfort,,,D Numbness,,No,,No,,,,,,,,,,,Fighting,,,,,,Arcade Double Stick,M,15,20,35,2013 - 2014
Y,Y,,,Y,Y,,,,,,,,,B,,,,D Strain/Cramp,,,D Strain/Cramp,,D Strain/Cramp,D Strain/Cramp,No,,No,,,Y,,,,Y,,,,,Y,,Y,,,,M,11,18,9,2013 - 2014
,,,,,,,,,,,,P,,,,,,,,,,,,,No,,FPS,,,,Y,Y,,Y,,,,,Y,,,,,,M,15,19,17,2013 - 2014
,,,,,Y,,,,,,,B,,,,,,,,,,,,,No,,Some,,,Y,,,,Y,,,,,Y,,,,,,M,14,19,33,2013 - 2014
,Y,,,,Y,,,,Y,,,,,B,,,,,,A Pain,,,,,No,,No,,,,,,Y,Y,,,Y,,,Y,,,,,M,13,19,80,2013 - 2014
,,Y,Y,,Y,,,,Y,,,C,,P,,,,,D Pain,A Discomfort,,,,,YES,Rugby Injury,No,,,Y,,Y,,,,,,Tower Defense,Y,,,,,,M,19,22,100,2013 - 2014
Y,Y,,,,Y,,,,,,,C,,P,,,,D Ache,D Ache,D Ache,,,,,No,,Platform,,,,,,,,Y,,,,,Y,,,,,M,10,19,22,2013 - 2014
Y,Y,Y,,Y,Y,,,,Y,,,,,B,,,,B Ache,D Tight,,,,,D Strain,No,,No,,,,,Y,,,,,,,,Y,,,,,M,14,19,6,2013 - 2014
,,,,,Y,,,,,,P,,C,,,,,D,D,,,D,,,No,,No,,,,Y,Y,,Y,,,,,Y,,,,,,M,18,2,12,2013 - 2014
,,Y,Y,,,,,,,,,,P,C,,,,,,,D Numbness,,,,No,,No,,,Y,,,,,,,,,Y,,,,,,M,10,18,50,2013 - 2014
,Y,,,,,,,,Y,,,C,,P,,,,D Discomfort,D Discomfort,,,,,,No,,No,,,,Y,Y,,Y,,,,,Y,Y,,,,,M,12,18,40,2013 - 2014
,,Y,Y,,,,,Y,Y,,C,P,,,,,,,,,,,,A Fatigue,No,,No,,,Y,,,,Y,,,,,,Y,,,,,M,11,20,10,2013 - 2014
,,,,,,,,,,,,,,,B,,,A,,,,A,,,No,,No,,Y,Y,,,,,Y,,,,Y,Y,,,,,M,15,19,20,2013 - 2014
,,,,,,,,,Y,,,,B,,,,,A,,,,,,,No,,No,,,Y,,Y,,Y,,,,,,Y,,,,,M,15,20,9,2013 - 2014
,,,,Y,,,,,,,,,P,,,,,,,,,,,,No,,No,,,Y,,Y,,Y,,,,,Y,,,,,,M,15,18,33,2013 - 2014
,Y,,,Y,,Y,,,,,C,,P,,,,,D,,,,,,,No,,No,,,Y,,,,Y,,,Y,,,Y,,,,,M,5,20,15,2013 - 2014
,,Y,,,,,,Y,,,,,,P,C,,,D,,,D,,,,No,,Driving,,Y,,,,,,,,,Fighting,,Y,,,,,M,14,19,15,2013 - 2014
,Y,,,Y,Y,,,,,,,P,C,,,,,,,D Sore,,,,D Stiff,No,,No,,,Y,,Y,,Y,,,,,Y,Y,,,,,M,15,20,8,2013 - 2014
,Y,,,,,,,,,,,,,C,,,,,,,,,,,No,,Anything Moving,,,Y,,,,Y,,,Y,,,Y,,,,,M,9,18,9,2013 - 2014
Y,Y,,,,Y,,,,,,,,C,P,,,,D Ache,,D Ache,D Ache,D Ache,,,No,,No,,,Y,,Y,,Y,,,,,Y,,,,,,M,18,24,22,2013 - 2014
,,,Y,,,,,,,,,B,,,,,,,,,,,,,No,,No,,,Y,,,,Y,,,,,,Y,,,,,M,12,18,17,2013 - 2014
,,,,Y,,,,,,,,,P,C,,,,,,,,,,,No,,No,,,Y,,,,,,,,Fighting,,Y,,,,,M,12,18,15,2013 - 2014
,,,,,,,,,,,,C,P,,,,,D Blisters,,,,,,,No,,No,,,Y,,,,,,,,Fighting,Y,Y,,,,,M,17,20,20,2013 - 2014
,Y,,,,,,,,,,,,P,C,,,,,,,,,,,No,,No,,,Y,,Y,,,,,,,Y,Y,,,,,M,9,19,2,2015 - 2016
,,,,Y,,,,,,,,C,P,,,,,,,,,,,,No,,No,Y,,Y,,,,Y,,,,,,Y,,,,,M,16,19,28,2015 - 2016
,,,,,,,,,,,,C,,,,,,,,,,,,,No,,Oculus Rift,Y,,,,,,Y,,,,Horror,,Y,,,,,M,16,18,40,2015 - 2016
Y,,,,,Y,,,,,,,,P,C,,,,D,D,,,,,D Ache,No,,No,,,Y,,,,Y,,,,,,Y,,,,,M,12,18,5,2015 - 2016
,,,,,Y,,,,Y,,,,,B,,,,D,D,,,,,,No,,No,,,Y,,,,Y,Y,,,,,Y,,,,,M,15,20,15,2015 - 2016
,,,Y,,Y,,,,Y,,C,,P,,,,,,,,,D Sore,,,No,,No,,,,Y,Y,,Y,,,Y,,,Y,,,,,M,11,21,21,2015 - 2016
,,,,,,,,,,,,,,B,,,,B Ache,B Ache,B Ache,,,,,No,,Fighting,,,Y,Y,,,Y,,,,,,Y,,,,,M,15,19,15,2015 - 2016
Y,Y,,Y,Y,Y,,,Y,Y,,,,,C,P,,,B Stiff,,B Ache,D Ache,,,,No,,No,,,Y,,,,Y,,,,,Y,Y,,,,,M,16,18,30,2015 - 2016
,,Y,Y,,,,,,,,,,B,,,,,,,,D Numb,,,,No,,No,,,Y,,,,,Y,,,Adventure,,Y,,,,,M,16,19,23,2015 - 2016
Y,Y,Y,Y,Y,Y,,,Y,Y,,,,C,P,,,,,,B Pain,B Numb,B Pain,B Discomfort,A Discomfort,No,,FPS,,,Y,Y,,,,,,,,Y,Y,,,,,F,15,19,28,2015 - 2016
,,,,,,,,,Y,,,,P,C,,,,,,,,,,,No,,No,Y,,,,Y,,,,,,Horror,Y,,,,,,M,6,20,4,2015 - 2016
,,,,,,,,,,,,B,,,,,,,,,,,D Discomfort,,No,,No,,,Y,,,,,,,,,,Y,,,,,M,13,18,5,2015 - 2016
,,,,,,,,,,,,,B,,,,,,,,B Discomfort / Blister,,,B Discomfort / Numb,No,,No,,,,,,,,,,Y,,,Y,,,,,M,15,18,6,2015 - 2016
Y,Y,Y,Y,,Y,,,,,,,B,,,,,,D Pain,,,,,,,No,,FPS,,,Y,Y,,,Y,,,,,,Y,,,,,M,13,18,20,2015 - 2016
Y,Y,,,,,,,,,,,P,,,,,,,,D,,,D Ache,,No,,No,,,Y,Y,Y,,Y,Y,Y,,,Y,Y,,,,,F,14,18,6,2015 - 2016
Y,Y,,,,,,,,Y,,,P,,,,,,,,,,,,A Blister,No,,No,,,Y,Y,,,Y,,,,,Y,,,,,,M,14,18,9,2015 - 2016
Y,,,,,,,Y,,,,,,,,,,,,A Pain,,,D Pain,,,Yes,Partially,No,,Y,,,,Y,Y,,,,,Y,,Y,,,,F,14,18,12,2015 - 2016
,,,Y,,,,,,Y,,,,,B,,,,,,,,,,,No,,No,,Y,Y,,,,,Y,,,,Y,,,,,,M,12,19,20,2015 - 2016
,,,,Y,Y,,,,,,,,C,P,,,,,,,,,,,No,,No,,,Y,,,,,,,,,Y,Y,,,,,M,14,19,35,2015 - 2016
,,,,,Y,,,,,,,B,,,,,,,,,,,,,No,,No,,,Y,Y,,,Y,,,,,Y,,,,,,M,21,26,17,2015 - 2016
Y,Y,Y,Y,,,,,,,,,C,,P,,,,,,,B Ache,B Ache,,B Ache,No,,FPS,,Y,Y,Y,,,,,,,,Y,,,,,,F,12,16,14,2015 - 2016
,Y,,,,Y,Y,Y,,,,,,B,,,,,,,,,D Pain,,,No,,No,,,,,,,Y,,,,,Y,Y,,,,,M,10,19,37,2015 - 2016
,Y,,Y,,Y,,,,,,C,P,,,,,,B Pain,,A Discomfort,,,,,Yes,Yes,No,Y,,Y,,,,Y,,,,,Y,,,,,,F,13,19,45,2015 - 2016
Y,Y,,,Y,Y,,,,,,,B,,,,,,D Discomfort,D Discomfort,B Pain,,,,,No,,No,,,,Y,Y,,Y,,,,,,Y,,,,,M,14,18,42,2015 - 2016
Y,Y,,,,,,,,,,,,B,,,,,,,,,,B Numb,B Discomfort,Yes,Pen,No,,,Y,,,,Y,,,,,,Y,,,,,F,16,18,40,2015 - 2016
Y,Y,,,,Y,,,,,,,,P,C,,,,,,,,,,,No,,No,,,,,,,Y,,,,,Y,,,,,,M,15,18,50,2015 - 2016
,Y,,,Y,,,,,,,,P,C,,,,,,,D Ache,,,,,No,,FPS,,,Y,,,,,Y,,,Moba,Y,Y,,,,,M,15,19,8,2015 - 2016
,,,,,Y,,,,,,B,,,,,,,,,,,,,,No,,No,,,Y,,Y,,,,,,Card,Y,,,Y,,,M,17,22,20,2015 - 2016
Y,Y,,,,,,,,,,,,,B,,,,A Strain,,,,B Strain,,,No,,No,,Y,Y,,Y,,,,,,Moba,Y,Y,,,,,M,14,20,44,2015 - 2016
,Y,,,,,,,,,,,C,,,,,,,,,,,,,No,,No,,,,,,,,,,Y,Action,,Y,,,,,M,6,18,15,2015 - 2016
,,,,,,,,,,,,B,,,,,,,,,,,,,No,,No,,,Y,,Y,,Y,,,,,Y,Y,,,,,M,14,19,25,2015 - 2016
,,Y,,,Y,Y,,,,,C,P,,,,,,B Pain,B Pain,D Discomfort,,,,A Numb,No,,No,,,Y,,,,,,,,Moba,Y,Y,,,,,M,16,20,33,2015 - 2016
Y,,,,,,Y,,,,,,B,,,,,,D Discomfort,,B Pain,,D Discomfort,,,No,,No,,,Y,,,,Y,,,,Moba,,Y,,,,,M,16,19,50,2015 - 2016
Y,Y,,Y,Y,,,,,Y,,,P,,C,,,,D Ache,,,,,,,No,,FPS,,,Y,,,,Y,Y,,,,Y,Y,,,,,M,11,18,10,2015 - 2016
Y,Y,,Y,,Y,,Y,Y,Y,,,,,C,P,,,B Ache,B Ache,A Ache,D Ache,A Ache,,,No,,FPS,,,Y,,Y,,Y,,,,,,Y,,,,,M,14,18,25,2015 - 2016
,,,,,Y,,,,Y,,,,P,C,,,,A Strain,,,,,A Ache,B Ache,No,,No,,,,,,,Y,,,,,,Y,,,,,M,15,18,25,2015 - 2016
,,,,,Y,,,,,,,,P,C,,,,D,B,B,,,,,No,,No,,,Y,,,,Y,Y,,,,Y,Y,,,,,M,14,19,75,2015 - 2016
Y,Y,,Y,,,,,,,,,,B,,,,,B Pain,,,,,A Pain,A Pain,No,,No,,,Y,,,,Y,Y,,,,Y,Y,,,,,M,17,22,30,2015 - 2016
Y,Y,,,Y,Y,,,Y,Y,,,C,P,,,,,,,B Discomfort,,,,,No,,FPS,Y,,Y,,,,Y,,,,,Y,Y,,,,,M,15,18,25,2015 - 2016
Y,,,,Y,,,,,,,,B,,,,,,,,,,,B Discomfort,,No,,No,,,Y,,,,Y,Y,,,,Y,Y,,,,,M,17,21,12,2015 - 2016
Y,Y,,,Y,Y,,,,,,,P,C,,,,,B Pain,,B Pain,,B Discomfort,B Discomfort,D Numb,No,,No,,,,,Y,Y,Y,,,,,,Y,,,,,M,13,19,18,2015 - 2016
Y,,,,,,,,,,,,P,C,,,,,,,,,,,,No,,No,,,Y,,,,Y,,,,,Y,,,,,,M,12,19,8,2015 - 2016
,,,,,,,,,,,P,C,,,,,,D Sore,D Sore,D Sore,,,,,No,,FPS,,,Y,,,,Y,,,,Moba,Y,Y,,,,,M,16,18,14,2015 - 2016
Y,Y,Y,Y,,,,,,,,,,P,,C,,,,,A Ache,,,,,No,,No,,,,,Y,,Y,Y,,,,Y,Y,,,,,M,15,19,14,2015 - 2016
,Y,,Y,,Y,,Y,,Y,,,C,P,,,,,D Pain,D Pain,D Pain,D Pain,,,,Yes,No,No,,,,Y,,Y,,,,,Moba,Y,Y,,,,,M,12,18,15,2015 - 2016
Y,Y,Y,Y,Y,Y,,Y,Y,,,,,C,P,,,,B,,B,B Blisters,B,,,No,,No,,,Y,,Y,,Y,,,,,,Y,,,,,M,17,19,15,2015 - 2016
,Y,,,,Y,,,,,,,C,P,,,,,,,,,A Numb,,,No,,No,Y,,,,,,Y,,,,Survival,Y,Y,,,,,M,10,18,7,2015 - 2016
,Y,,,,Y,,,,,,,,C,,P,,,,,,B Ache,B Ache,,B Ache,Yes,Yes,Plat/Drvg,Y,,,,Y,,,Y,,,,Y,Y,,,,,M,18,20,15,2015 - 2016
,Y,,,,,,,,Y,,,,,,B,,,B Ache,B Ache,B Ache,D Ache,B Ache,D Ache,D Ache,No,,No,,,Y,Y,Y,,,,,,,Y,Y,,,,,M,13,18,38,2015 - 2016
Y,Y,,,,,Y,Y,,Y,,,P,,C,,,,,,,,,,,No,,No,,Y,Y,,,,,,,Y,,Y,,,,,,M,17,20,30,2015 - 2016
,Y,,,,Y,,,,Y,,,,B,,,,,A Stiff,,D Ache,,,,,No,,No,,,Y,,,,Y,Y,,,,,Y,,,,,M,10,18,30,2015 - 2016
Y,Y,,Y,Y,,Y,Y,,,,C,,P,,,,,B Ache,,B Ache,B Discomfort,B Discomfort,,B Discomfort,No,,No,,,Y,Y,Y,,,,,,,,Y,,,,,M,15,18,27,2015 - 2016
Y,Y,,Y,,,,,,,,,C,P,,,,,,,,D Numb,,,,No,,No,,Y,Y,,,,Y,,,,,Y,Y,,,,,M,11,19,45,2015 - 2016
Y,Y,Y,Y,,,,,Y,Y,,,C,,P,,,,B Ache,B Pain,D Pain,,D Pain,,,No,,No,,,,,,Y,Y,,,,Moba,Y,Y,,,,,M,14,19,26,2015 - 2016
Y,Y,,,,Y,,,,,,,C,,,,,,,,,,B Ache,B Sore,B Sore,No,,No,,,Y,,,,Y,,,,,,Y,,,,,M,19,25,15,2015 - 2016
,,,,Y,,,,Y,Y,,,,C,P,,,,,,,A Pain,,,,No,,No,,Y,Y,,,,Y,,,,Adventure,,Y,,,,,M,11,19,12,2015 - 2016
,,,,,,,,,,,,B,,,,,,,,,,,,,No,,No,,,,,Y,,Y,,,,Tanks,Y,,,,,,M,13,19,30,2015 - 2016
,,,,,,,,,,,,B,,,,,,,,,,,,,No,,No,,,Y,,,,Y,,,,,Y,,,,,,M,14,19,28,2015 - 2016
,,Y,,Y,,,,,,,,,P,,,,,B Ache,B Ache,B Ache,,D Sore,,D Sore,No,,No,,,Y,Y,,,Y,,,,,Y,,,,,,F,16,19,25,2015 - 2016
Y,Y,Y,Y,Y,Y,Y,Y,,,,,,C,P,,,,B Pain,B Pain,B Pain,,,B Stiff,,No,,Oculus Rift,,Y,Y,,,Y,,,,,,,Y,,,,,F,8,18,15,2015 - 2016
Y,Y,,Y,,,,Y,Y,Y,,,C,P,,,,,B Strain,A Pain,B Pain,B Pain,,,,No,,No,,,Y,,,,Y,,,,Action,Y,Y,,,,,M,14,20,47,2015 - 2016
,,,,Y,,,,,,,,C,,P,,,,,,,,,,,No,,No,,,Y,,,,,,,,,Y,,,,,,M,13,19,35,2015 - 2016
Y,,,,,,,,,,,,C,P,,,,,,,,D Blisters,,D Cramp,,No,,No,,,Y,,,,Y,,,Y,,,Y,,,,,M,15,21,10,2015 - 2016
,Y,,,Y,Y,,,,,,,,C,,,,,,,,,,,D Sore,No,,No,,,,,,,Y,,,Y,,,Y,,,,,M,10,20,11,2015 - 2016
,,,,,,,,,Y,,,B,,,,,,,,,,,,,No,,No,,,,,,,Y,,,,,Y,Y,,,,,M,15,19,23,2015 - 2016
Y,Y,,Y,Y,Y,,,,Y,,,,B,,,,,D Stiff,,,B Stiff,,,,No,,FPS,,,Y,,Y,,,,,,,Y,Y,,,,,M,9,19,19,2015 - 2016
Y,Y,,,,Y,,,,Y,,,P,,C,,,,D Ache,,,,,,A Ache,No,,No,,,Y,Y,,,Y,,,,,Y,,,,,,M,16,20,44,2015 - 2016
Y,Y,,,Y,Y,,,,Y,,,B,,,,,,B Ache,,,,,,,No,,FPS,,,Y,Y,,,Y,Y,,,,,Y,,,,,M,14,18,12,2015 - 2016
Y,Y,,,,,,,,,,P,,,C,,,,D Stiff,,D Stiff,,,,,No,,Mirrors Edge,,,Y,,,,Y,,,,Fighting,Y,,,,,Fight Stick,M,15,19,25,2015 - 2016
,Y,,,,,,,,,,C,,P,,,,,D Sore,D Sore,,,,,,No,,No,,,Y,,,,,,,,,,Y,,,,,M,11,20,40,2015 - 2016
,,,Y,,Y,,,,Y,,,P,C,,,,,,,,A Discomfort,A Pain,A Palsy,,No,,No,,,,,,,,,Y,,MMO,Y,,,,,,M,6,19,1,2015 - 2016
Y,Y,,,Y,,,,Y,Y,,,,,B,,,,,,D Sore,,D Cramp,,,No,,No,,,Y,,Y,,Y,,,,,,Y,,,,,M,15,23,12,2015 - 2016
,,,,,,,,,,,,,B,,,,,,,,,,,,No,,No,,,Y,,,,,Y,,,,,Y,,,,,M,13,19,20,2015 - 2016
,,,,,Y,,,,,,C,P,,,,,,A Strain,A Strain,,,,,,No,,No,,,Y,,,,,Y,,,Adventure,,Y,,,,,M,14,18,25,2015 - 2016
,,,Y,,Y,,,,,,,C,,,P,,,,B Pain,,,D Pain,,,No,,No,,,,,Y,,Y,Y,,,,Y,Y,,Y,,,M,10,18,7,2015 - 2016
,,,Y,,,,,,Y,,,,C,P,,,,,,A Pain,,,,,No,,No,,,Y,Y,,,,,,Y,,,Y,,,,,M,15,18,30,2015 - 2016
,Y,Y,,,Y,,,,Y,,,P,,C,,,,,,A Discomfort,,D Pain,D Pain,,No,,FPS,,,,,,,Y,,Y,,,Y,,,,Y,,M,14,20,33,2015 - 2016
Y,Y,,,,,,,,Y,,,,B,,,,,B Pain,,A Discomfort,D Blisters,,,,Yes,Basketball Elbow,No,,,,,,,Y,,,,,Y,,,,,,M,12,19,22,2015 - 2016
,Y,,Y,,,,,,,,C,,P,,,,,B Ache,,,,B Ache,B Ache,B Ache,No,,No,,,,,Y,,Y,,,Y,,Y,,,,,,M,15,18,24,2015 - 2016
,,,,,Y,,,,,,,,C,,P,,,,,,,,,,No,,No,,,,,,,,,,Y,,,Y,,,,,M,13,18,2,2015 - 2016
,,,,Y,,,,,,,,,C,P,,,,,,,,,,,No,,No,,,,Y,,,Y,Y,,,,,Y,,,,,M,13,18,30,2015 - 2016
Y,Y,Y,Y,,,Y,Y,Y,Y,,,,,B,,,,B Pain,B Pain,B Pain,B Blisters,B Blisters,B Blisters,B Blisters,No,,No,,,,,,,Y,,,Y,Moba,Y,Y,Y,,,,M,18,21,30,2015 - 2016
Y,Y,,,Y,Y,,,,,,,,P,C,,,,,,,,D,,D,No,,No,,,,,,,Y,,,,Moba,Y,,,,,,M,6,18,25,2015 - 2016
,,,Y,,,,,,,,,,B,,,,,B Sore,B Sore,B Sore,,A Sore,,A Sore,No,,No,,,Y,,,,,,,,,Y,,,,,,M,16,20,12,2015 - 2016
,,,Y,,Y,,,,,,P,C,,,,,,,,,,,,,No,,No,,,Y,,,,,,,,,,Y,,,,,M,10,18,7,2015 - 2016
Y,Y,,,,,,,,,,,B,,,,,,,,D Discomfort,B Pain,B Discomfort,,,No,,No,,,Y,,Y,,Y,,,,,Y,,,,,,M,20,24,30,2015 - 2016
,,,,,,,,,,,,,C,,,,,,,,,,,D Pain,No,,No,,,Y,,Y,,Y,,,,,,Y,,,,,M,14,22,70,2015 - 2016
,Y,,,,,,,,,,,C,P,,,,,D Strain,,,,,,,No,,Platform,,,Y,,,,,,,,,Y,,,,,,M,3,18,5,2015 - 2016
Y,Y,,Y,,Y,,,Y,Y,,,C,P,,,,,B Sore,B Ache,B Ache,,D Numb,D Numb,,No,,No,Y,,,Y,,Y,,,,,,Y,Y,,,,,M,10,19,45,2015 - 2016
,Y,,,,,,,,Y,,,,C,P,,,,,,,,,,,No,,No,,,,,,,Y,,,,,,Y,,,,,M,11,19,19,2015 - 2016
,,Y,,,Y,Y,,,Y,,,,B,,,,,B Ache,B Ache,B Ache,,,,,No,,FPS,,,,,Y,,Y,,,Y,,Y,Y,,,,,M,11,18,22,2015 - 2016
,,,,,,,,,Y,,,,P,,C,,,,,,,,,,No,,No,,,,,,,,,,,Moba,Y,,,,,,M,9,18,28,2015 - 2016
Y,,,,,,,Y,,,,,,B,,,,,,,,,,,,No,,No,,,Y,,,,Y,,,Y,,,Y,,,,,M,10,19,7,2015 - 2016
Y,Y,,,,,,Y,,,,G,,,P,,,,,,D,,,,,No,,No,,,Y,,,,,,,,Moba,Y,,,,,,M,18,21,35,2015 - 2016
,,,Y,,,,,,,,,,C,P,,,,,,,D Pins Needles,D Pins Needles,,,No,,No,,,,,,,Y,,,,Moba,Y,,,,,,M,13,18,55,2015 - 2016
,,,,,Y,,,,,,,C,P,,,,,,,,,B Ache,,,No,,No,,,Y,Y,,,,Y,,,,Y,,,,,,F,13,19,50,2015 - 2016
,Y,,,,,,,,,,,,C,,P,,,B Ache,B Ache,B Ache,,,,,No,,No,,,Y,Y,,,Y,,,,,,Y,,,,,M,16,18,24,2015 - 2016
,Y,,,,Y,,,,,,C,,P,,,,,D Ache,,D Ache,,,,,No,,No,,Y,Y,,,,Y,,,,,Y,Y,,,,,M,12,19,29,2015 - 2016
,,,,,,,,,,,,,B,,,,,A Ache,,,,,,,No,,FPS,,Y,Y,,Y,,,,,,,,Y,,,,,F,16,19,10,2015 - 2016
Y,Y,,Y,Y,,,,,,,,,C,P,,,,A Ache,A Ache,,,,,,No,,No,,,Y,,,,,Y,,,,,Y,,,,,F,18,23,25,2015 - 2016
,,,Y,,,,,Y,Y,A lot generally,,,B,,,,,,,,,,,,No,,No,,,Y,Y,Y,,,,,,,Y,,,,,,F,12,19,45,2015 - 2016
Y,Y,,,,,,Y,,,,,,,,B,,,B Pain,,,B Pain,,B Pain,,No,,No,,,Y,,,,,,Y,,,Y,,,,,,M,16,19,33,2015 - 2016
,Y,,,,,,,,,,C,P,,,,,,,,,,,,,No,,FPS,,,Y,,,,,Y,,,Adventure,Y,Y,,,,,M,9,18,27,2015 - 2016
,Y,,Y,,,,,Y,,,,,C,P,,,,,,D,,D,D,D,No,,No,,,Y,,Y,,,,,,Adventure,,,,,,,F,14,18,42,2015 - 2016
,,Y,,,,Y,,,,,,,,C,P,,,D Stiff,D Stiff,,,D Stiff,,D Sore,No,,FPS/Driving,,,Y,,,,,Y,Y,,,Y,Y,,,,,F,20,32,8,2015 - 2016
Y,Y,,,Y,Y,,,,,,,C,P,,,,,,,,,D Stiff,,,No,,No,,,Y,,Y,,,,,,Moba,Y,,,,,,M,8,18,26,2015 - 2016
,,,,Y,Y,,,,,,,P,C,,,,,,,,,B Ache,,,No,,No,,,Y,,,,,,Y,Y,Moba,Y,Y,,,,,M,11,18,36,2015 - 2016
Y,,,,Y,,,,,,,,,,B,,,,,,B Pain,,B Pain,,,No,,No,,,,,,,,,,,MMO,Y,,,,,,M,15,22,55,2015 - 2016
,,,,,,,,,,,,C,,,,,,,,,,,,D Sore,No,,No,,,,,,,,,,,Action,,Y,,,,,M,15,20,14,2015 - 2016
,,,,,,,,,,,,,,B,,,,,,D Stiff,,,,,No,,Oculus Rift,,,,Y,,,Y,,,,Action,Y,Y,,,,,M,14,19,45,2015 - 2016
Y,Y,Y,Y,Y,Y,,,,Y,,,P,C,,,,,B Tension,B Tension,B Tension,B Strain,B Pain,B Pain,A Ache,Yes,WoW,No,,,Y,,,,,,,,,Y,Y,,,,,M,15,19,5,2015 - 2016
,Y,Y,Y,Y,Y,,,,,,,B,,,,,,A Pain,B Pain,,B Pain,B Pain,B Pain,B Pain,No,,No,,Y,Y,,,,Y,,,,,Y,Y,,,,,M,15,21,7,2015 - 2016
,Y,,,,,,,,,,,P,C,,,,,,,,,,,,No,,FPS,,,,,,,,,,,Adventure,,Y,,,,,M,18,26,6,2015 - 2016
,Y,Y,Y,,,,,,Y,,,,,B,,,,A Sore,,,,,,,No,,No,,,,,,,,,,,Moba,Y,,,,,,M,12,19,20,2015 - 2016
,,,Y,,,,Y,Y,,,,,C,P,,,,D Pain,D Sore,D Discomfort,,D Pain,,,Yes,Sitting,No,,,Y,Y,Y,,,,,,,Y,Y,,,,,M,15,18,-,2015 - 2016
Y,,,,Y,,,,,,,,,C,P,,,,,D,D,,,,,No,,No,,,Y,,,,,Y,,,,,Y,,,,,F,12,20,17,2015 - 2016
Y,,Y,,,Y,Y,,Y,,,,B,,,,,,B,,,,,D,,No,,No,,Y,Y,,,,Y,,,,,,Y,,,,,F,17,20,5,2015 - 2016
,,,Y,Y,Y,Y,,,,,,,,B,,,,B Pain,,B Pain,D Pain,,D Pain,,No,,No,,,Y,,,,Y,Y,Y,,,Y,Y,Y,,,,M,16,19,55,2015 - 2016
Y,Y,,Y,,,,,,,,,,P,C,,,,D,,D,,,,,No,,No,,,Y,,,,Y,,,Y,,,Y,,,,,M,14,18,22,2015 - 2016
Y,Y,Y,Y,Y,Y,,,Y,,,,,P,,C,,,B Ache,,B Pain,D Ache,D Pain,D Pain,D Stiffness,Yes,Yes,Driving,,,Y,,,,Y,,,Y,,Y,,,,,,M,15,18,20,2015 - 2016
Y,Y,,Y,,Y,,,,Y,,,,B,,,,,,,B,,,,,No,,No,,,Y,,,,Y,,,,Action,,Y,,,,,M,14,18,27,2015 - 2016
Y,Y,Y,Y,,,,,,Y,,P,,C,,,,,,,B Pain,,,,,No,,No,,,Y,,,,Y,,,,,Y,,,,,,M,10,22,20,2015 - 2016
Y,Y,Y,Y,,,,,,,,,,C,P,,,,,,B Pain,,,,,No,,No,,,Y,,Y,,Y,,,,Moba,Y,,,,,,M,11,19,6,2015 - 2016
,,,,,,,,,,,,C,P,,,,,,D,,,,,,No,,No,,,Y,,,,Y,,,Y,,,Y,,,,,M,11,18,20,2015 - 2016
,Y,,,,,,,,Y,,,,P,C,,,,,,,,,,,No,,No,,,Y,,,,Y,,,,,Y,,,,,,M,13,20,30,2015 - 2016
Y,Y,,,,,,,,,,,C,P,,,,,,,,,,,,No,,No,,,,,,,,,,,Moba,Y,,,,,,M,14,20,-,2015 - 2016
Y,Y,Y,Y,Y,Y,,,Y,Y,,,,,,B,,,B Ache,B Ache,B Ache,,,,,No,,No,,,Y,Y,,,Y,,,,,Y,Y,,,,,M,20,22,28,2015 - 2016
,,,,,,,,,,,,B,,,,,,,,,,,,,No,,No,,,Y,,,Y,Y,,,,,Y,Y,,,,,M,15,20,68,2015 - 2016
Y,Y,,,Y,Y,,,,,,,,,,P,,,,,B,,,,,No,,No,,,Y,,,,Y,,,,,Y,,,,,,M,12,20,34,2015 - 2016
Y,Y,,Y,,Y,,,,Y,,,,P,C,,,,D Ache,,D Ache,D Cramp,,D Cramp,,No,,No,,,Y,,,,,,,,,Y,,,,,,M,15,19,3,2015 - 2016
,Y,,Y,Y,,,,,Y,,,P,C,,,,,D Ache,,,,,,,No,,No,,,,,,Y,Y,,,Y,,,Y,,,,,M,11,18,15,2015 - 2016
,,,Y,,,,Y,,,,,C,,P,,,,,A Ache,,,,B Blisters,,No,,No,,,Y,,,,Y,Y,,,,Y,Y,,Y,Y,,M,27,30,33,2015 - 2016
,,,,,,,,,,,,C,P,,,,,,,,,,,,No,,No,,,,,,,Y,,,Y,,,Y,,,,,M,9,18,8,2015 - 2016
,,Y,,,Y,,,,,,,,B,,,,,,,,,,,,No,,No,,,Y,,,,Y,,,,Moba,Y,Y,,,,,M,16,20,45,2015 - 2016
,,,,,,,,,,,,,,,B,,,,,,,,,,Yes,Yes,No,Y,,Y,Y,Y,Y,Y,Y,Y,Y,,Y,Y,Y,Y,Y,,M,6,20,60,2015 - 2016
Y,Y,,,Y,Y,,,,Y,,,,,P,,,,,,,,,,,No,,No,,,,Y,,,Y,,,,,Y,,,,,,M,15,22,40,2015 - 2016
Y,Y,,,Y,Y,,,,,,,,,,,,,A Ache,,,,,,,No,,No,,,,,,,,,,,Action,,Y,,,,,M,14,19,7,2015 - 2016
,Y,,Y,,,,Y,Y,Y,,,,B,,,,,B Pain,A Pain,A Pain,B Ache,,B Numb,A Ache,No,,No,,,,,,,Y,,,Y,Moba,Y,Y,,,,,M,17,20,20,2015 - 2016
Y,Y,Y,,Y,Y,,Y,Y,Y,,,,,P,C,,,B Discomfort,D Discomfort,B Discomfort,B Discomfort,B Discomfort,,,No,,No,,,Y,,,,,Y,,,MMO,Y,,,,,,F,14,19,15,2015 - 2016
Y,,,,,,,,,Y,,,,,B,,,,A Ache,A Ache,,,,,,Yes,Yes,FPS,,,Y,,Y,,Y,,,,,Y,Y,,,,,M,17,20,18,2015 - 2016
Y,Y,,,Y,Y,,,,,,,P,C,,,,,A Sore,A Numb,,D Blisters,D Ache,D Blisters,D Blisters,No,,No,,,,Y,Y,,Y,,,,,Y,Y,Y,,,,M,12,19,56,2015 - 2016
,,,,,,,,,,,,P,,,,,,,,,,,,,No,,No,,,Y,,Y,,Y,,,,,Y,,,,,,M,8,18,28,2015 - 2016
Y,,,Y,Y,,,Y,,,,,,B,,,,,D Strain,,,,,,,No,,No,,,Y,,Y,,Y,,,,,,Y,,,,,M,7,18,16,2015 - 2016
,,,,Y,Y,,,,Y,,,,B,,,,,D Sore,,,,,,,No,,No,,,,Y,Y,,Y,,,,,,Y,,,,,M,15,19,20,2015 - 2016
,,,,,,,,,,,,C,P,,,,,,,,,,,,No,,No,,,,,,,Y,,,,,Y,Y,,,,,M,12,18,30,2015 - 2016
,,,Y,,,,Y,,,,,C,,P,,,,,,,,,,,No,,No,,,Y,,,,Y,,,,,Y,,,,,,M,15,18,44,2015 - 2016
Y,,,,,Y,,,,,,,,P,,,,,D,,,D,,D,,No,,No,,,,,,,,,,,Moba,Y,,,,,,M,11,18,15,2015 - 2016
Y,,,,,,,,,Y,,,C,P,,,,,B Tension,B Tension,B Tension,,B Ache,,,Yes,No,No,,,Y,,,,,,,,MMO,Y,,,,,,M,25,29,42,2015 - 2016
Y,,,,,,,,,,,C,,P,,,,,,,,D Sore,,,,No,,No,,,,,,,Y,,,,Moba,Y,,,,,,M,8,18,42,2015 - 2016
,,,,,Y,,,,,,,,B,,,,,D Ache,D Ache,,,,,,No,,No,,,Y,,Y,,Y,,,,Tanks,Y,Y,,,,,M,11,18,80,2015 - 2016
,Y,,,,Y,,Y,Y,,,C,,,P,,,,D Strain,,D Ache,,A Carpal,,,No,,No,,,Y,Y,Y,,,,,,,,Y,,,Y,,M,15,20,44,2015 - 2016
,Y,,,,,,,Y,Y,,C,P,,,,,,,,D Discomfort,,,,,No,,No,,,Y,,,,Y,,,,,Y,,,,,,M,12,19,27,2015 - 2016
,Y,,,,,,,,Y,,,C,,P,,,,B Discomfort,B Discomfort,,,,,,No,,Oculus Rift,,,Y,Y,,,Y,,,,,,,,,,Touch,F,10,18,8,2015 - 2016
,,,,,,,,Y,Y,,,P,,C,,,,B,,,,,,,No,,No,Y,,Y,,,,,,,,Moba,Y,Y,,,,,M,11,19,10,2015 - 2016
Y,,,,,,,,,,,,,C,,,,,D,,D,,,,,No,,No,,,,,,,,,,,Adventure,,Y,,,,,M,16,20,3,2015 - 2016
Y,Y,,,,,,,Y,Y,,,,B,,,,,,,B Strain,,B Strain,,,No,,No,,,Y,Y,,,Y,,,,,Y,Y,,,,,M,15,18,16,2015 - 2016
,,,Y,,,,,Y,Y,,,,C,P,,,,D Strain,D Strain,,,,B Strain,,No,,No,,,Y,Y,,,,,,,,Y,,,,,,M,12,18,10,2015 - 2016
Y,Y,,,,,,,Y,Y,,,,B,,,,,,,,,,,,No,,FPS,,,,,,,Y,,,,,Y,,,,,,M,14,18,15,2015 - 2016
,Y,Y,Y,Y,Y,Y,Y,Y,Y,,,,,P,C,,,B Pain,,,,B Pain,,,No,,No,,,Y,Y,,,Y,,,,,Y,Y,,,,,M,16,18,22,2015 - 2016
,Y,,,,Y,Y,,,,,,C,P,,,,,D Stiff,A Pain,,,D RSI,,,Yes,Tablet,Oculus Rift,,,Y,Y,,,,,,,,,Y,,,,,F,14,18,20,2015 - 2016
Y,,,Y,Y,,,,,,,,,P,C,,,,D Discomfort,,D Discomfort,,,,,No,,No,,,Y,,,,Y,Y,,,,,Y,,,,,M,6,18,14,2015 - 2016
,Y,,Y,,Y,,,Y,,,,,C,P,,,,B Pain,A Pain,A Pain,,,,,No,,No,,,Y,,,,,,,Y,,,Y,,,,,M,15,20,14,2015 - 2016
Y,Y,Y,Y,,,,,,,,,,B,,,,,B Pain,,B Pain,,,,B Pain,No,,FPS,,,Y,,Y,,Y,Y,,,,,Y,,,,,F,14,18,18,2015 - 2016
Y,,,Y,,,,,,,,,P,C,,,,,,,,,,,,No,,No,,,Y,,,,,,,,,Y,Y,,,,,M,16,20,22,2015 - 2016
,,,,Y,,,,,,,,C,P,,,,,,,,,,,D Palsy,No,,No,,,,,,Y,Y,Y,,,,,,Y,,,,M,15,20,17,2015 - 2016
,,,,,Y,,,,Y,,C,,P,,,,,,,,,,B Ache,,No,,No,,,Y,,Y,,,,,,Adventure,Y,Y,,,,,F,15,19,100,2015 - 2016
Y,Y,,,,Y,,,,,,,Y,,,,,,D Pain,A Stiff,,,,,,No,,No,,,Y,,,,Y,Y,,,,,y,,,,,M,21,26,40,2016 - 2017
Y,Y,,,,,,,,,,,,C,P,,,,,,,,,,,No,,No,,,Y,,,,Y,,,,,Y,Y,,,,,M,20,18,40,2016 - 2017
Y,Y,,,,Y,,,,Y,,,C,,P,,,,Muscles,Y,,,,,,No,,No,,,,,,,Y,,,,,Y,,,,,,F,12,20,25,2016 - 2017
,,,,,,,,,,,,P,,C,,,,D Sports inflamed,,A Sports inflamed,,,,,No,,low res VR,,,,Y,,Y,Y,,,,,Y,Y,,,,wheel,M,11,18,25,2016 - 2017
,,,,,,,,,,,C,P,,,,,,,,,,Laptop hot,,,No,,No,,,,,,,,Y,,,,Y,,,,,,M,12,18,3,2016 - 2017
,Y,,,,,,,,Y,,,C,P,,,,,,,,,mouse position,,,No,,No,,,,Y,Y,,Y,Y,,,,Y,Y,,,,,M,18,22,15,2016 - 2017
,,,,,Y,,,,Y,,,,,P,,,,D right,D right,,,,,,No,,No,,,,,,,,,,,lots,Y,,,,,,F,13,20,40,2016 - 2017
Y,,,Y,,,,Y,,,,,,B,,,,,A stiff,A stiff,A stiff,D sore ,D sore ,D sore ,D sore ,No,,VR,,Y,Y,Y,,,,Y,,,,Y,,Y,,,,F,15,19,80,2016 - 2017
Y,Y,Y,Y,,,,,,Y,,,,P,,C,,,,Aching,,,Sore,,Sore,No,,FPR/VR,,,,,,,,Y,,,,Y,Y,,,,,M,13,18,20,2016 - 2017
Y,Y,Y,Y,Y,Y,,,,Y,,,,C,C,,,,,,,,D,D A ,,Yes,"No, heavy lifting at work",No,,,,,,Y,Y,,,,,Y,,Y,,,,M,18,22,30,2016 - 2017
Y,,Y,,,,,Y,,Y,,C,,P,,,,,D numbness,,D ache,,D numb,D numb,,No,,FPS/Drv/Plat,,,Y,Y,,,Y,,,,,Y,,,,,,M,12,18,40,2016 - 2017
,Y,,,Y,Y,,,,,,,P,C,,,,,,,,,Tingling,,,No,,No,,,,,Y,,Y,,,,,Y,,,,,,M,20,30,20,2016 - 2017
Y,Y,Y,,,,,,,,,P,,,,,,,Stiffness,,D Stiffness,,,,,No,,No,,,Y,,,,Y,,,,,Y,,,,,,M,15,19,35,2016 - 2017
Y,,Y,Y,,,,,,,,,,P,C,,,,discomfort,discomfort,,,,,,No,,No,,,Y,,Y,,Y,,,,,,Y,,,,,M,20,25,45,2016 - 2017
,Y,Y,Y,,,,,,,,,,B,,,,,B,D,D,,,,,No,,No,,,,,,,Y,Y,,,,,Y,,,,,M,15,19,5,2016 - 2017
,,,,Y,,,,,,,,C,P,,,,,,,,,,,,No,,No,,,,,Y,,,,,,,Y,,,,,,M,9,19,10,2016 - 2017
,,Y,,Y,,,,,Y,,P,,C,,,,,,,,,,,,No,,No,,,Y,,Y,,,,,,MOBA,Y,Y,,,,,M,,20,26,2016 - 2017
,Y,,,,Y,,,,,,B,,,,,,,,,,,,,,No,,No,,,Y,,,,Y,,,,Stealth,,Y,,,,,M,20,22,12,2016 - 2017
Y,Y,,,,Y,,,,,,,,,B,,,,,,,,,A Sore,,No,,No,,,Y,,,,Y,,,,Fight,Y,Y,,,,,M,16,18,50,2016 - 2017
,,,,,Y,,,,,,,P,,C,,,,D Discomfort,A Stiff,,,,,,No,,No,,,Y,,,,,,,,,Y,,,,,,M,14,18,75,2016 - 2017
,Y,,,Y,Y,,,Y,,,,P,C,,,,,,,D Ache,,A RSI,D pins'needles,,Yes,gamEs,No,,,Y,Y,,,Y,,,,,Y,,,,,,M,13,18,40,2016 - 2017
Y,,,,,,,,,Y,,,,C,P,,,,D Discomfort,,,,,,,No,,No,,,Y,,,,,Y,,,,Y,Y,,,,,M,15,19,8,2016 - 2017
,Y,,,,Y,,,,,,,,C,,,,,A Sore,,,,,,,No,,No,,Y,Y,,,Y,,,,,,,Y,,,,,F,12,19,7,2016 - 2017
,Y,,,,Y,,,,,,,P,,C,,,,A Sore,,,,,,,No,,No,Y,,Y,,,,Y,,,,,,,,Y,,,F,15,19,15,2016 - 2017
,,,,,Y,,,Y,,,,,,B,,,,A Pain,,A Pain,,,,A little pain,No,,No,,,Y,,,,Y,,,,,,Y,Y,,,,M,10,19,7,2016 - 2017
,Y,Y,,,,,Y,Y,,,,C,,P,,,,B Ache,,B Ache,,D Ache,,,No,,No,,,Y,,Y,,Y,,,,,Y,Y,,,,,M,17,30,6,2016 - 2017
Y,,,,,,,,,,,,P,,C,,,,,,,,D Ache,,,No,,No,,,Y,,,,,,,,,Y,Y,,,,,M,15,19,20,2016 - 2017
,Y,,,,Y,,,Y,,,,C,P,,,,,,,,A numb,,,,No,,No,,,Y,,,Y,,Y,,,,,3Ds,,,,Touch,M,14,18,20,2016 - 2017
Y,Y,Y,Y,Y,Y,,,,Y,,,B,,,,,,B Pain,,D Pain,D Cramp,D Discomfort,D Discomfort,D Discomfort,No,,No,,Y,Y,,,,,Y,,,,Y,,,,,,F,10,19,2,2016 - 2017
,,,,Y,Y,,,,,,,,,,,,,V,,,,,,B Pain,No,,No,,,,,Y,,Y,Y,,,,Y,,,,,,M,13,18,26,2016 - 2017
,,,,Y,,,,,,,,P,C,,,,,,,D Discomfort,,,,,No,,No,,,Y,,Y,,,,,,,Y,,,,,,M,14,19,10,2016 - 2017
,,,,,,,,,,,,B,,,,,,D,D,D,D,,,,No,,No,,,Y,,,,,,,,,,Y,,,,,M,16,20,35,2016 - 2017
Y,,,,,Y,,,,Y,,,P,C,,,,,,,,,,,,No,,Rhythm,Y,,,Y,,,,,,,Moba,Y,Y,,,,,M,14,19,35,2016 - 2017
,,,Y,,Y,,,,,,P,,C,,,,,B Strain,,,,,,,No,,No,,,Y,Y,Y,Y,,,,,,Y,Y,,,,,M,14,20,6,2016 - 2017
,Y,,,,Y,,,,,,,,,P,,,,B Pain,,B Pain,,,,,No,,No,,,Y,,,,Y,,,,,Y,,,,,,M,15,19,20,2016 - 2017
Y,Y,,,Y,Y,,,,,,,B,,,,,,,,,,,D Sore fingertips,D Sore fingertips,No,,No,,,Y,,,,Y,,,,,Y,Y,,,,,M,19,21,45,2016 - 2017
Y,,,,,Y,,,Y,Y,,,B,,,,,,,,,,,,B Pain,No,,VR,,,,,,,,,,Y,,,Y,,,,Phone,M,16,27,4,2016 - 2017
,,,,,,,,,,,,B,,,,,,D Twinge,,,,,,,No,,No,Y,,Y,,,,Y,,,,,Y,,,,,,M,15,20,22,2016 - 2017
,,,,,,,,,,,,B,,,,,,,,D,,,,,No,,No,,,Y,,,,,,,,Action,,Y,,,,,M,17,21,15,2016 - 2017
Y,Y,Y,Y,Y,Y,Y,Y,Y,Y,,,,,,B,,,D Pain,D Pain,D Pain,,,,,Yes,Yes,No,,,Y,,,Y,Y,,,,,Y,Y,,,,,M,15,19,50,2016 - 2017
Y,Y,,Y,,,,,Y,Y,,,C,P,,,,,A stiff,,B,,B,,,No,,FPS/Drvng,,Y,,,Y,,Y,,,,,,Y,,,,,M,16,20,25,2016 - 2017
,,,Y,,,,,,,,,,P,C,,,,D Tortoriculis,,D Pain,,D Resting on desk,,,No,,No,,,Y,,,,,,,,,Y,,,,,,M,12,18,100,2016 - 2017
,,,Y,,,,Y,,,,P,,C,,,,,B Strain,,A Strain,,,,,No,,No,,,Y,Y,Y,,Y,,,,,Y,Y,,,,,M,16,20,6,2016 - 2017
Y,Y,,Y,Y,Y,Y,Y,Y,Y,,,,B,,,,,D Pain,B Recurring Pain,D Pain,,,D Pain,,Yes,Yes,No,,,y,,y,,y,,,,,,y,,,,,M,19,23,60,2016 - 2017
,Y,,,,,,,,,,,C,,,,,,,,,,,B,,No,,No,,,,,Y,,,,,,,,Y,,,,,M,14,19,5,2016 - 2017
,Y,,,,Y,,,,,,,,P,,,,,B Discomfort,,,,,,,No,,Flight Sim,,,,Y,,,,,,,,Y,,,,,Joy/Throttle,M,3,19,55,2016 - 2017
,Y,,,,,,,,,,,P,C,,,,,B Aching,,B Aching hip,,,,,No,,No,,,Y,,,,Y,,Y,,,Y,,,,,,M,14,18,45,2016 - 2017
Y,,,,,,,,,,,,,P,C,,,,,D Stinging,D Ache,,,,,No,,No,,,,,,,,,,,WoW,Y,,,,,,F,12,20,24,2016 - 2017
,,Y,,,,,,,,Motion,,,,B,,,,Stiffness,,Stiffness,,,,B Pain,No,,Sonic/Pltfm,,,,,,,Y,Y,,,,,Y,,Y,,,M,17,19,8,2016 - 2017
Y,Y,,,Y,,,,,,,,C,P,,,,,,,D Tight,,,D Discomfort,,No,,No,,,Y,,,,Y,,Y,,,,,Y,,,,M,20,24,26,2016 - 2017
,,,,,,,,,,,,,,,,,,,,,,,,,No,,No,,,,,,,,,,,,,Y,,,,,M,16,21,6,2016 - 2017
,,,,,,,,,,,,,B,,,,,,,,,,,,No,,No,,,Y,,,,,Y,,,,,Y,,,,,M,16,21,24,2016 - 2017
Y,,,,,,,,,,,,B,,,,,,,,,,,,,No,,No,,,,,Y,,Y,Y,,,,Y,Y,,,,,M,15,19,38,2016 - 2017
Y,Y,,,,Y,Y,Y,Y,Y,,,C,,,,,,,,,,,,,No,,Drvng,,,Y,,,,Y,,,,Fighting,,Y,,,,,M,18,20,48,2016 - 2017
Y,Y,,Y,Y,Y,,,Y,Y,,,,,B,,,,,,,D Pain,,,,No,,No,,,,,,,,,,,Fighting,,,Y,,,,M,17,23,7,2016 - 2017
,,,,Y,Y,,,,,,,,B,,,,,,,,,,,,No,,fps,,,Y,Y,Y,,Y,,,,,Y,,,,,,M,8,22,48,2016 - 2017
Y,Y,,,Y,,,,,Y,,,C,,P,,,,,,,,B Discomfort,,A Pain,No,,No,,Y,Y,,,,,Y,,,,Y,,,Y,,,M,15,19,23,2016 - 2017
Y,Y,Y,Y,Y,Y,,,Y,Y,,,B,,,,,,B,D,,B,,D,B,No,,No,,,Y,,,Y,,,,Y,,,Y,,,,,M,17,22,5,2016 - 2017
Y,Y,,,,Y,,,,,,,P,C,,,,,,,,,A Stiff,,,No,,No,,,Y,,Y,,,,,,,Y,,,,,,M,20,26,36,2016 - 2017
Y,,,,,Y,,,,,,,P,C,,,,,,,B Discomfort,,B Pain,B Discomfort / Blisters,,No,,No,Y,,,Y,,,Y,,,,,Y,Y,,,,,M,15,20,40,2016 - 2017
Y,Y,Y,,,,,,Y,,,,C,P,,,,,A Ache,D Ache,A Ache,,D Discomfort,D Cold and Numb,,No,,No,,Y,Y,,,,Y,,,,,Y,,,,,,M,8,20,4,2016 - 2017
Y,Y,Y,Y,Y,Y,Y,Y,Y,Y,,,,B,,,,,B Discomfort,B Discomfort,B Pain,B Pain,B Discomfort,B Pain,,Yes,No ,R,,,Y,,,Y,Y,,,,,Y,Y,,,,,M,22,28,20,2016 - 2017
,,,,,,,,,,,,,B,,,,,B Aching,,,,,,,No,,No,,,Y,,,Y,Y,,,,,,Y,,,,,M,17,23,10,2016 - 2017
Y,,,,,,,,,Y,,,B,,,,,,D,A,,,D,,,No,,No,,,Y,Y,,,Y,,,,,Y,,,,,,M,15,19,32,2016 - 2017
,,,,,,,,,,,,B,,,,,,,,,,A Ache,,,No,,No,,,Y,Y,Y,,,,,,,Y,,,,,,M,16,20,24,2016 - 2017
,,,,,,,,,Y,,,,P,,,,,,,A Ache,,,,,No,,No,,,Y,,Y,,,,,,,Y,,,,,,M,13,20,35,2016 - 2017
,,,,,Y,,,,,,,,C,P,,,,,D Sore,,,,,,No,,VR,,,Y,Y,,,Y,,,,,Y,Y,,,,,M,14,19,10,2016 - 2017
,,,Y,,,,,,Y,,,P,,,,,,D Sore,,,,D Pain,,,No,,Drvng,,,,Y,,,Y,,,,,Y,,,,,,M,14,18,20,2016 - 2017
Y,,Y,Y,Y,Y,,,Y,Y,,,,P,C,,,,,,,,,,,No,,Open World,,,,,,,Y,,,,,,Y,,,,,F,6,17,21,2016 - 2017
,Y,,,,Y,,,,,,,,P,,,,,,,,,,,,No,,No,,,Y,Y,Y,,,,,,,Y,,,,,,M,12,19,80,2016 - 2017
Y,Y,,,,,,,,,,,P,,,C,,,D Ache,,D Ache,,,,,No,,Changing to a higher sensitivity,,,Y,,,,Y,,Y,,,Y,Y,,,,,M,13,19,26,2016 - 2017
Y,Y,Y,Y,Y,Y,Y,Y,Y,Y,,C,,,P,,,,,,,,,,,No,,No,,,Y,,,,,,,,,Y,,,,,,M,10,20,20,2016 - 2017
Y,Y,Y,Y,Y,Y,Y,Y,Y,Y,,,,C,,P,,,B Pain,,B Pain,,B Pain,,B Pain,Yes,Yes,No,,,,Y,,,Y,,,,Y,Y,,,,,,M,17,20,55,2016 - 2017
Y,Y,,,,,,,,,,,,B,,,,,B Pain,B Pain,,,,,,No,,No,,,Y,,,,Y,,,,,Y,Y,,,,,M,12,20,20,2016 - 2017
,,,,Y,,,,,Y,,,B,,,,,,,,,,A CTS,,D Sore,No,,No,,,Y,,,,Y,,,,,Y,,,,,,M,10,20,15,2016 - 2017
Y,Y,,,,,,,,Y,,,B,,,,,,,,,,,,D Sore,No,,No,Y,,Y,,,,Y,,,,,,Y,,,,,M,17,21,25,2016 - 2017
,,,,Y,,,,,Y,,,,C,P,,,,,D,D,,D,D,,No,,No,Y,,Y,,Y,,,,,,,Y,Y,,,,,M,22,26,56,2016 - 2017
